date,total_sales,year,month,week,weekday,year_month
2013-01-01,2511.618999,2013,1,1,1,2013-01
2013-01-02,496092.417944,2013,1,1,2,2013-01
2013-01-03,361461.231124,2013,1,1,3,2013-01
2013-01-04,354459.6770927,2013,1,1,4,2013-01
2013-01-05,477350.121229,2013,1,1,5,2013-01
2013-01-06,519695.401088,2013,1,1,6,2013-01
2013-01-07,336122.801066,2013,1,2,0,2013-01
2013-01-08,318347.777981,2013,1,2,1,2013-01
2013-01-09,302530.809018,2013,1,2,2,2013-01
2013-01-10,258982.003049,2013,1,2,3,2013-01
2013-01-11,289737.6850845,2013,1,2,4,2013-01
2013-01-12,403258.2120105,2013,1,2,5,2013-01
2013-01-13,464638.547998,2013,1,2,6,2013-01
2013-01-14,293348.362078,2013,1,3,0,2013-01
2013-01-15,299129.549954,2013,1,3,1,2013-01
2013-01-16,318347.913946,2013,1,3,2,2013-01
2013-01-17,267498.5159755,2013,1,3,3,2013-01
2013-01-18,296130.850028,2013,1,3,4,2013-01
2013-01-19,432459.852021,2013,1,3,5,2013-01
2013-01-20,461092.386047,2013,1,3,6,2013-01
2013-01-21,311211.26595000003,2013,1,4,0,2013-01
2013-01-22,296214.728983,2013,1,4,1,2013-01
2013-01-23,283258.4530325,2013,1,4,2,2013-01
2013-01-24,247245.690995,2013,1,4,3,2013-01
2013-01-25,290022.77193,2013,1,4,4,2013-01
2013-01-26,413799.7679753,2013,1,4,5,2013-01
2013-01-27,430411.991233,2013,1,4,6,2013-01
2013-01-28,285460.169953,2013,1,5,0,2013-01
2013-01-29,264488.81807649997,2013,1,5,1,2013-01
2013-01-30,281061.127052,2013,1,5,2,2013-01
2013-01-31,271254.217996,2013,1,5,3,2013-01
2013-02-01,369402.055266,2013,2,5,4,2013-02
2013-02-02,518887.462705,2013,2,5,5,2013-02
2013-02-03,486336.82018,2013,2,5,6,2013-02
2013-02-04,344308.715017,2013,2,6,0,2013-02
2013-02-05,321245.83913,2013,2,6,1,2013-02
2013-02-06,321538.177149,2013,2,6,2,2013-02
2013-02-07,290807.530973,2013,2,6,3,2013-02
2013-02-08,347441.789912,2013,2,6,4,2013-02
2013-02-09,416176.2790747,2013,2,6,5,2013-02
2013-02-10,300951.328993,2013,2,6,6,2013-02
2013-02-11,278627.588926,2013,2,7,0,2013-02
2013-02-12,308800.7909121,2013,2,7,1,2013-02
2013-02-13,319597.929962,2013,2,7,2,2013-02
2013-02-14,308164.016957,2013,2,7,3,2013-02
2013-02-15,320168.883912,2013,2,7,4,2013-02
2013-02-16,485660.494008,2013,2,7,5,2013-02
2013-02-17,399588.910014,2013,2,7,6,2013-02
2013-02-18,350745.573191,2013,2,8,0,2013-02
2013-02-19,293637.801951,2013,2,8,1,2013-02
2013-02-20,313803.162034,2013,2,8,2,2013-02
2013-02-21,267711.1090155,2013,2,8,3,2013-02
2013-02-22,285679.869131,2013,2,8,4,2013-02
2013-02-23,412897.349113,2013,2,8,5,2013-02
2013-02-24,452726.126103,2013,2,8,6,2013-02
2013-02-25,307110.875933,2013,2,9,0,2013-02
2013-02-26,270425.0070675,2013,2,9,1,2013-02
2013-02-27,288401.998919,2013,2,9,2,2013-02
2013-02-28,278116.291888,2013,2,9,3,2013-02
2013-03-01,378898.165064,2013,3,9,4,2013-03
2013-03-02,547857.205258,2013,3,9,5,2013-03
2013-03-03,559820.580027,2013,3,9,6,2013-03
2013-03-04,383647.679097,2013,3,10,0,2013-03
2013-03-05,332189.993189,2013,3,10,1,2013-03
2013-03-06,335726.580968,2013,3,10,2,2013-03
2013-03-07,293099.52701,2013,3,10,3,2013-03
2013-03-08,316600.679967,2013,3,10,4,2013-03
2013-03-09,453259.496866,2013,3,10,5,2013-03
2013-03-10,461859.756153,2013,3,10,6,2013-03
2013-03-11,318379.133021,2013,3,11,0,2013-03
2013-03-12,271823.37801,2013,3,11,1,2013-03
2013-03-13,287869.663972,2013,3,11,2,2013-03
2013-03-14,247541.420096,2013,3,11,3,2013-03
2013-03-15,315878.090213,2013,3,11,4,2013-03
2013-03-16,482233.433961,2013,3,11,5,2013-03
2013-03-17,513439.584913,2013,3,11,6,2013-03
2013-03-18,330283.80303,2013,3,12,0,2013-03
2013-03-19,294020.245897,2013,3,12,1,2013-03
2013-03-20,321207.006946,2013,3,12,2,2013-03
2013-03-21,269130.127953,2013,3,12,3,2013-03
2013-03-22,304100.453969,2013,3,12,4,2013-03
2013-03-23,453192.003086,2013,3,12,5,2013-03
2013-03-24,449794.636951,2013,3,12,6,2013-03
2013-03-25,317559.6099585,2013,3,13,0,2013-03
2013-03-26,275818.2359,2013,3,13,1,2013-03
2013-03-27,313691.148998,2013,3,13,2,2013-03
2013-03-28,339293.269022,2013,3,13,3,2013-03
2013-03-29,345513.132,2013,3,13,4,2013-03
2013-03-30,452661.356036,2013,3,13,5,2013-03
2013-03-31,462107.639956,2013,3,13,6,2013-03
2013-04-01,428816.447912,2013,4,14,0,2013-04
2013-04-02,377732.827961,2013,4,14,1,2013-04
2013-04-03,373731.0758793,2013,4,14,2,2013-04
2013-04-04,308738.385963,2013,4,14,3,2013-04
2013-04-05,336394.782031,2013,4,14,4,2013-04
2013-04-06,509424.214023,2013,4,14,5,2013-04
2013-04-07,519048.376884,2013,4,14,6,2013-04
2013-04-08,346649.815943,2013,4,15,0,2013-04
2013-04-09,306335.8019617,2013,4,15,1,2013-04
2013-04-10,312846.374941,2013,4,15,2,2013-04
2013-04-11,303223.41301,2013,4,15,3,2013-04
2013-04-12,314394.967035,2013,4,15,4,2013-04
2013-04-13,453442.497048,2013,4,15,5,2013-04
2013-04-14,478417.148813,2013,4,15,6,2013-04
2013-04-15,338712.458055,2013,4,16,0,2013-04
2013-04-16,333431.880049,2013,4,16,1,2013-04
2013-04-17,334990.518942,2013,4,16,2,2013-04
2013-04-18,281924.509951,2013,4,16,3,2013-04
2013-04-19,311588.70494,2013,4,16,4,2013-04
2013-04-20,459884.838043,2013,4,16,5,2013-04
2013-04-21,485721.032087,2013,4,16,6,2013-04
2013-04-22,328886.320986,2013,4,17,0,2013-04
2013-04-23,302097.8329435,2013,4,17,1,2013-04
2013-04-24,310555.184925,2013,4,17,2,2013-04
2013-04-25,268790.618996,2013,4,17,3,2013-04
2013-04-26,304413.556952,2013,4,17,4,2013-04
2013-04-27,446665.337895,2013,4,17,5,2013-04
2013-04-28,477623.4729303,2013,4,17,6,2013-04
2013-04-29,328795.874018,2013,4,18,0,2013-04
2013-04-30,310186.466894,2013,4,18,1,2013-04
2013-05-01,507974.636889,2013,5,18,2,2013-05
2013-05-02,348709.460063,2013,5,18,3,2013-05
2013-05-03,374291.2510323,2013,5,18,4,2013-05
2013-05-04,520339.51596499997,2013,5,18,5,2013-05
2013-05-05,580268.550981,2013,5,18,6,2013-05
2013-05-06,369869.383046,2013,5,19,0,2013-05
2013-05-07,317292.964148,2013,5,19,1,2013-05
2013-05-08,332477.410968,2013,5,19,2,2013-05
2013-05-09,305868.0570225,2013,5,19,3,2013-05
2013-05-10,335937.441949,2013,5,19,4,2013-05
2013-05-11,512090.58108,2013,5,19,5,2013-05
2013-05-12,387860.5050145,2013,5,19,6,2013-05
2013-05-13,350598.06187,2013,5,20,0,2013-05
2013-05-14,308469.313119,2013,5,20,1,2013-05
2013-05-15,329113.560081,2013,5,20,2,2013-05
2013-05-16,307556.946937,2013,5,20,3,2013-05
2013-05-17,330004.241998,2013,5,20,4,2013-05
2013-05-18,480969.558942,2013,5,20,5,2013-05
2013-05-19,518153.554009,2013,5,20,6,2013-05
2013-05-20,341787.214991,2013,5,21,0,2013-05
2013-05-21,307178.399952,2013,5,21,1,2013-05
2013-05-22,301785.4831075,2013,5,21,2,2013-05
2013-05-23,289261.058026,2013,5,21,3,2013-05
2013-05-24,398389.241982,2013,5,21,4,2013-05
2013-05-25,417930.141993,2013,5,21,5,2013-05
2013-05-26,450631.400068,2013,5,21,6,2013-05
2013-05-27,321630.8309235,2013,5,22,0,2013-05
2013-05-28,307329.1680565,2013,5,22,1,2013-05
2013-05-29,309333.380899,2013,5,22,2,2013-05
2013-05-30,304344.849939,2013,5,22,3,2013-05
2013-05-31,330257.841975,2013,5,22,4,2013-05
2013-06-01,566901.814988,2013,6,22,5,2013-06
2013-06-02,637698.494958,2013,6,22,6,2013-06
2013-06-03,426332.097995,2013,6,23,0,2013-06
2013-06-04,369705.160085,2013,6,23,1,2013-06
2013-06-05,361791.080915,2013,6,23,2,2013-06
2013-06-06,317496.765891,2013,6,23,3,2013-06
2013-06-07,357673.087977,2013,6,23,4,2013-06
2013-06-08,466292.699096,2013,6,23,5,2013-06
2013-06-09,526804.730256,2013,6,23,6,2013-06
2013-06-10,349754.291978,2013,6,24,0,2013-06
2013-06-11,283858.2159925,2013,6,24,1,2013-06
2013-06-12,320173.5779987,2013,6,24,2,2013-06
2013-06-13,282886.9200452,2013,6,24,3,2013-06
2013-06-14,326956.74210719997,2013,6,24,4,2013-06
2013-06-15,505950.6668701,2013,6,24,5,2013-06
2013-06-16,435894.082881,2013,6,24,6,2013-06
2013-06-17,370944.271024,2013,6,25,0,2013-06
2013-06-18,320885.3399215,2013,6,25,1,2013-06
2013-06-19,319235.25797700003,2013,6,25,2,2013-06
2013-06-20,293877.944015,2013,6,25,3,2013-06
2013-06-21,319722.6870265,2013,6,25,4,2013-06
2013-06-22,446347.312096,2013,6,25,5,2013-06
2013-06-23,504964.845142,2013,6,25,6,2013-06
2013-06-24,336631.9640383,2013,6,26,0,2013-06
2013-06-25,305119.530064,2013,6,26,1,2013-06
2013-06-26,301847.2489636,2013,6,26,2,2013-06
2013-06-27,266525.458966,2013,6,26,3,2013-06
2013-06-28,324210.971803,2013,6,26,4,2013-06
2013-06-29,509379.108146,2013,6,26,5,2013-06
2013-06-30,533481.693027,2013,6,26,6,2013-06
2013-07-01,441758.3880965,2013,7,27,0,2013-07
2013-07-02,390958.38408,2013,7,27,1,2013-07
2013-07-03,374551.917949,2013,7,27,2,2013-07
2013-07-04,327020.179028,2013,7,27,3,2013-07
2013-07-05,351401.500074,2013,7,27,4,2013-07
2013-07-06,479514.493924,2013,7,27,5,2013-07
2013-07-07,500606.073078,2013,7,27,6,2013-07
2013-07-08,365452.995017,2013,7,28,0,2013-07
2013-07-09,317279.1449993,2013,7,28,1,2013-07
2013-07-10,314134.886071,2013,7,28,2,2013-07
2013-07-11,281750.931023,2013,7,28,3,2013-07
2013-07-12,308786.438133,2013,7,28,4,2013-07
2013-07-13,432569.1022205,2013,7,28,5,2013-07
2013-07-14,438722.417857,2013,7,28,6,2013-07
2013-07-15,348803.0469486,2013,7,29,0,2013-07
2013-07-16,335516.229006,2013,7,29,1,2013-07
2013-07-17,324313.8180255,2013,7,29,2,2013-07
2013-07-18,287074.8739522,2013,7,29,3,2013-07
2013-07-19,313332.555049,2013,7,29,4,2013-07
2013-07-20,435497.731013,2013,7,29,5,2013-07
2013-07-21,437952.624049,2013,7,29,6,2013-07
2013-07-22,342802.29905,2013,7,30,0,2013-07
2013-07-23,316257.463107,2013,7,30,1,2013-07
2013-07-24,309243.7899995,2013,7,30,2,2013-07
2013-07-25,298074.2249247,2013,7,30,3,2013-07
2013-07-26,318745.692921,2013,7,30,4,2013-07
2013-07-27,423890.5020012,2013,7,30,5,2013-07
2013-07-28,433358.6520873,2013,7,30,6,2013-07
2013-07-29,331493.2850525,2013,7,31,0,2013-07
2013-07-30,318553.989932,2013,7,31,1,2013-07
2013-07-31,357982.979012,2013,7,31,2,2013-07
2013-08-01,397555.3181021,2013,8,31,3,2013-08
2013-08-02,393831.120007,2013,8,31,4,2013-08
2013-08-03,516956.846013,2013,8,31,5,2013-08
2013-08-04,514267.27594,2013,8,31,6,2013-08
2013-08-05,407033.810946,2013,8,32,0,2013-08
2013-08-06,357263.854086,2013,8,32,1,2013-08
2013-08-07,351302.132003,2013,8,32,2,2013-08
2013-08-08,310953.0239315,2013,8,32,3,2013-08
2013-08-09,337521.667868,2013,8,32,4,2013-08
2013-08-10,434184.94409,2013,8,32,5,2013-08
2013-08-11,434720.3230013,2013,8,32,6,2013-08
2013-08-12,349539.224033,2013,8,33,0,2013-08
2013-08-13,317103.331061,2013,8,33,1,2013-08
2013-08-14,324377.386893,2013,8,33,2,2013-08
2013-08-15,311043.17291,2013,8,33,3,2013-08
2013-08-16,364487.3218839,2013,8,33,4,2013-08
2013-08-17,448835.3109167,2013,8,33,5,2013-08
2013-08-18,464053.7730675,2013,8,33,6,2013-08
2013-08-19,362085.52696,2013,8,34,0,2013-08
2013-08-20,343046.11398,2013,8,34,1,2013-08
2013-08-21,335724.643932,2013,8,34,2,2013-08
2013-08-22,306473.26098,2013,8,34,3,2013-08
2013-08-23,331906.369098,2013,8,34,4,2013-08
2013-08-24,420576.154994,2013,8,34,5,2013-08
2013-08-25,443694.093754,2013,8,34,6,2013-08
2013-08-26,347159.6410143,2013,8,35,0,2013-08
2013-08-27,319688.2190185,2013,8,35,1,2013-08
2013-08-28,319322.060993,2013,8,35,2,2013-08
2013-08-29,294518.685943,2013,8,35,3,2013-08
2013-08-30,354932.930947,2013,8,35,4,2013-08
2013-08-31,523631.3811059,2013,8,35,5,2013-08
2013-09-01,640406.221875,2013,9,35,6,2013-09
2013-09-02,458792.960966,2013,9,36,0,2013-09
2013-09-03,397680.420032,2013,9,36,1,2013-09
2013-09-04,392565.48591,2013,9,36,2,2013-09
2013-09-05,330622.779063,2013,9,36,3,2013-09
2013-09-06,335442.247929,2013,9,36,4,2013-09
2013-09-07,518584.247,2013,9,36,5,2013-09
2013-09-08,560852.005091,2013,9,36,6,2013-09
2013-09-09,377151.7070027,2013,9,37,0,2013-09
2013-09-10,308074.4658225,2013,9,37,1,2013-09
2013-09-11,323124.61885,2013,9,37,2,2013-09
2013-09-12,282855.730937,2013,9,37,3,2013-09
2013-09-13,319556.942029,2013,9,37,4,2013-09
2013-09-14,476364.004996,2013,9,37,5,2013-09
2013-09-15,532852.959041,2013,9,37,6,2013-09
2013-09-16,373229.840879,2013,9,38,0,2013-09
2013-09-17,327282.949966,2013,9,38,1,2013-09
2013-09-18,315687.718926,2013,9,38,2,2013-09
2013-09-19,279580.372008,2013,9,38,3,2013-09
2013-09-20,331846.9039701,2013,9,38,4,2013-09
2013-09-21,468298.380896,2013,9,38,5,2013-09
2013-09-22,502068.7019007,2013,9,38,6,2013-09
2013-09-23,356043.0340047,2013,9,39,0,2013-09
2013-09-24,303333.392926,2013,9,39,1,2013-09
2013-09-25,312490.104996,2013,9,39,2,2013-09
2013-09-26,273057.8798588,2013,9,39,3,2013-09
2013-09-27,320246.574024,2013,9,39,4,2013-09
2013-09-28,484903.6890081,2013,9,39,5,2013-09
2013-09-29,522868.441946,2013,9,39,6,2013-09
2013-09-30,367068.4500143,2013,9,40,0,2013-09
2013-10-01,436441.034076,2013,10,40,1,2013-10
2013-10-02,414455.6550375,2013,10,40,2,2013-10
2013-10-03,348933.24703,2013,10,40,3,2013-10
2013-10-04,378109.978059,2013,10,40,4,2013-10
2013-10-05,540156.625057,2013,10,40,5,2013-10
2013-10-06,553031.424016,2013,10,40,6,2013-10
2013-10-07,373387.109043,2013,10,41,0,2013-10
2013-10-08,326726.7240121,2013,10,41,1,2013-10
2013-10-09,322529.418957,2013,10,41,2,2013-10
2013-10-10,305047.0980576,2013,10,41,3,2013-10
2013-10-11,402913.849028,2013,10,41,4,2013-10
2013-10-12,426379.6909939,2013,10,41,5,2013-10
2013-10-13,481781.2559686,2013,10,41,6,2013-10
2013-10-14,342694.7209944,2013,10,42,0,2013-10
2013-10-15,305242.569986,2013,10,42,1,2013-10
2013-10-16,355696.963943,2013,10,42,2,2013-10
2013-10-17,312949.412961,2013,10,42,3,2013-10
2013-10-18,323327.873107,2013,10,42,4,2013-10
2013-10-19,488245.570001,2013,10,42,5,2013-10
2013-10-20,537713.5090483,2013,10,42,6,2013-10
2013-10-21,348721.327971,2013,10,43,0,2013-10
2013-10-22,301641.7850828,2013,10,43,1,2013-10
2013-10-23,323105.11598,2013,10,43,2,2013-10
2013-10-24,276059.0800025,2013,10,43,3,2013-10
2013-10-25,317570.4260338,2013,10,43,4,2013-10
2013-10-26,452902.363914,2013,10,43,5,2013-10
2013-10-27,512891.4830689,2013,10,43,6,2013-10
2013-10-28,346941.91396,2013,10,44,0,2013-10
2013-10-29,302332.9969864,2013,10,44,1,2013-10
2013-10-30,319494.7050373,2013,10,44,2,2013-10
2013-10-31,298195.433106,2013,10,44,3,2013-10
2013-11-01,403637.232955,2013,11,44,4,2013-11
2013-11-02,540615.555037,2013,11,44,5,2013-11
2013-11-03,602796.556029,2013,11,44,6,2013-11
2013-11-04,424314.167046,2013,11,45,0,2013-11
2013-11-05,393322.182909,2013,11,45,1,2013-11
2013-11-06,386426.9788195,2013,11,45,2,2013-11
2013-11-07,346293.3400477,2013,11,45,3,2013-11
2013-11-08,358473.978049,2013,11,45,4,2013-11
2013-11-09,513850.32307,2013,11,45,5,2013-11
2013-11-10,587666.490239,2013,11,45,6,2013-11
2013-11-11,374087.890067,2013,11,46,0,2013-11
2013-11-12,373277.748034,2013,11,46,1,2013-11
2013-11-13,332279.2568851,2013,11,46,2,2013-11
2013-11-14,284567.4029707,2013,11,46,3,2013-11
2013-11-15,349383.296052,2013,11,46,4,2013-11
2013-11-16,524065.5881155,2013,11,46,5,2013-11
2013-11-17,579209.228924,2013,11,46,6,2013-11
2013-11-18,391945.551999,2013,11,47,0,2013-11
2013-11-19,329455.2710234,2013,11,47,1,2013-11
2013-11-20,354337.734795,2013,11,47,2,2013-11
2013-11-21,298047.047965,2013,11,47,3,2013-11
2013-11-22,340734.213038,2013,11,47,4,2013-11
2013-11-23,485544.298837,2013,11,47,5,2013-11
2013-11-24,550925.293106,2013,11,47,6,2013-11
2013-11-25,365965.5090102,2013,11,48,0,2013-11
2013-11-26,323292.830024,2013,11,48,1,2013-11
2013-11-27,337083.286026,2013,11,48,2,2013-11
2013-11-28,305982.981947,2013,11,48,3,2013-11
2013-11-29,357000.404165,2013,11,48,4,2013-11
2013-11-30,541977.655801,2013,11,48,5,2013-11
2013-12-01,698217.128989,2013,12,48,6,2013-12
2013-12-02,495488.366984,2013,12,49,0,2013-12
2013-12-03,424438.046973,2013,12,49,1,2013-12
2013-12-04,424147.0459855,2013,12,49,2,2013-12
2013-12-05,386406.804985,2013,12,49,3,2013-12
2013-12-06,432661.755068,2013,12,49,4,2013-12
2013-12-07,537181.319801,2013,12,49,5,2013-12
2013-12-08,588855.895921,2013,12,49,6,2013-12
2013-12-09,442309.3141075,2013,12,50,0,2013-12
2013-12-10,414421.695986,2013,12,50,1,2013-12
2013-12-11,422957.198908,2013,12,50,2,2013-12
2013-12-12,384256.080979,2013,12,50,3,2013-12
2013-12-13,434657.0129787,2013,12,50,4,2013-12
2013-12-14,554911.917024,2013,12,50,5,2013-12
2013-12-15,642015.7758165,2013,12,50,6,2013-12
2013-12-16,516060.290853,2013,12,51,0,2013-12
2013-12-17,480470.71684249997,2013,12,51,1,2013-12
2013-12-18,527481.336925,2013,12,51,2,2013-12
2013-12-19,507461.038187,2013,12,51,3,2013-12
2013-12-20,544104.2676365,2013,12,51,4,2013-12
2013-12-21,685673.07474,2013,12,51,5,2013-12
2013-12-22,696295.146867,2013,12,51,6,2013-12
2013-12-23,792865.284427,2013,12,52,0,2013-12
2013-12-24,620663.290732,2013,12,52,1,2013-12
2013-12-26,470731.1624137,2013,12,52,3,2013-12
2013-12-27,479314.968043,2013,12,52,4,2013-12
2013-12-28,556952.3059789999,2013,12,52,5,2013-12
2013-12-29,499719.5049237,2013,12,52,6,2013-12
2013-12-30,635134.7358515,2013,12,1,0,2013-12
2013-12-31,507264.6630475,2013,12,1,1,2013-12
2014-01-01,8602.065404,2014,1,1,2,2014-01
2014-01-02,801011.226041,2014,1,1,3,2014-01
2014-01-03,680672.845603,2014,1,1,4,2014-01
2014-01-04,936628.8866039,2014,1,1,5,2014-01
2014-01-05,949618.78894,2014,1,1,6,2014-01
2014-01-06,602268.564009,2014,1,2,0,2014-01
2014-01-07,563450.5988595,2014,1,2,1,2014-01
2014-01-08,636176.853478,2014,1,2,2,2014-01
2014-01-09,496377.933414,2014,1,2,3,2014-01
2014-01-10,543055.329066,2014,1,2,4,2014-01
2014-01-11,787321.455619,2014,1,2,5,2014-01
2014-01-12,844633.598917,2014,1,2,6,2014-01
2014-01-13,555547.0150185,2014,1,3,0,2014-01
2014-01-14,502643.104285,2014,1,3,1,2014-01
2014-01-15,567067.469069,2014,1,3,2,2014-01
2014-01-16,502789.214207,2014,1,3,3,2014-01
2014-01-17,542937.915657,2014,1,3,4,2014-01
2014-01-18,786779.8899055,2014,1,3,5,2014-01
2014-01-19,851735.334091,2014,1,3,6,2014-01
2014-01-20,575850.061871,2014,1,4,0,2014-01
2014-01-21,538817.207912,2014,1,4,1,2014-01
2014-01-22,553097.596874,2014,1,4,2,2014-01
2014-01-23,460789.0398597,2014,1,4,3,2014-01
2014-01-24,526124.572256,2014,1,4,4,2014-01
2014-01-25,733880.979053,2014,1,4,5,2014-01
2014-01-26,814057.732862,2014,1,4,6,2014-01
2014-01-27,540798.833711,2014,1,5,0,2014-01
2014-01-28,481593.435798,2014,1,5,1,2014-01
2014-01-29,512853.989922,2014,1,5,2,2014-01
2014-01-30,453642.9707033,2014,1,5,3,2014-01
2014-01-31,560816.192394,2014,1,5,4,2014-01
2014-02-01,648870.19898,2014,2,5,5,2014-02
2014-02-02,619805.537102,2014,2,5,6,2014-02
2014-02-03,461637.5229585,2014,2,6,0,2014-02
2014-02-04,403189.5869763,2014,2,6,1,2014-02
2014-02-05,399138.3059075,2014,2,6,2,2014-02
2014-02-06,359139.101529,2014,2,6,3,2014-02
2014-02-07,389471.568011,2014,2,6,4,2014-02
2014-02-08,530128.059914,2014,2,6,5,2014-02
2014-02-09,520753.7470746,2014,2,6,6,2014-02
2014-02-10,396622.737011,2014,2,7,0,2014-02
2014-02-11,358382.7339877,2014,2,7,1,2014-02
2014-02-12,387758.393971,2014,2,7,2,2014-02
2014-02-13,347373.2985675,2014,2,7,3,2014-02
2014-02-14,361206.4069057,2014,2,7,4,2014-02
2014-02-15,538893.357859,2014,2,7,5,2014-02
2014-02-16,595300.23508,2014,2,7,6,2014-02
2014-02-17,412029.2879535,2014,2,8,0,2014-02
2014-02-18,365331.247942,2014,2,8,1,2014-02
2014-02-19,360161.6390075,2014,2,8,2,2014-02
2014-02-20,322451.9201135,2014,2,8,3,2014-02
2014-02-21,369403.653633,2014,2,8,4,2014-02
2014-02-22,538206.082827,2014,2,8,5,2014-02
2014-02-23,487896.463891,2014,2,8,6,2014-02
2014-02-24,404224.188997,2014,2,9,0,2014-02
2014-02-25,351418.110084,2014,2,9,1,2014-02
2014-02-26,353604.266985,2014,2,9,2,2014-02
2014-02-27,330330.185244,2014,2,9,3,2014-02
2014-02-28,425624.795466,2014,2,9,4,2014-02
2014-03-01,911360.2578707,2014,3,9,5,2014-03
2014-03-02,667413.052988,2014,3,9,6,2014-03
2014-03-03,613973.031386,2014,3,10,0,2014-03
2014-03-04,748930.902096,2014,3,10,1,2014-03
2014-03-05,741756.416525,2014,3,10,2,2014-03
2014-03-06,614082.444339,2014,3,10,3,2014-03
2014-03-07,598242.341178,2014,3,10,4,2014-03
2014-03-08,753345.259201,2014,3,10,5,2014-03
2014-03-09,916117.649984,2014,3,10,6,2014-03
2014-03-10,587414.828974,2014,3,11,0,2014-03
2014-03-11,539365.375063,2014,3,11,1,2014-03
2014-03-12,575676.797032,2014,3,11,2,2014-03
2014-03-13,473298.042544,2014,3,11,3,2014-03
2014-03-14,530515.2554715,2014,3,11,4,2014-03
2014-03-15,731049.789851,2014,3,11,5,2014-03
2014-03-16,929808.492772,2014,3,11,6,2014-03
2014-03-17,612719.522118,2014,3,12,0,2014-03
2014-03-18,537427.86875,2014,3,12,1,2014-03
2014-03-19,585974.657018,2014,3,12,2,2014-03
2014-03-20,500897.112641,2014,3,12,3,2014-03
2014-03-21,548811.469984,2014,3,12,4,2014-03
2014-03-22,771704.933772,2014,3,12,5,2014-03
2014-03-23,838814.636064,2014,3,12,6,2014-03
2014-03-24,571762.044919,2014,3,13,0,2014-03
2014-03-25,539861.6183493,2014,3,13,1,2014-03
2014-03-26,569680.543547,2014,3,13,2,2014-03
2014-03-27,468581.39830400003,2014,3,13,3,2014-03
2014-03-28,538905.781947,2014,3,13,4,2014-03
2014-03-29,822333.142686,2014,3,13,5,2014-03
2014-03-30,873958.8396415,2014,3,13,6,2014-03
2014-03-31,651800.509461,2014,3,14,0,2014-03
2014-04-01,485079.887001,2014,4,14,1,2014-04
2014-04-02,463917.316107,2014,4,14,2,2014-04
2014-04-03,388867.961418,2014,4,14,3,2014-04
2014-04-04,422578.745073,2014,4,14,4,2014-04
2014-04-05,617680.194045,2014,4,14,5,2014-04
2014-04-06,631888.250898,2014,4,14,6,2014-04
2014-04-07,426091.1040178,2014,4,15,0,2014-04
2014-04-08,376663.272105,2014,4,15,1,2014-04
2014-04-09,375309.08201199997,2014,4,15,2,2014-04
2014-04-10,334052.7571255,2014,4,15,3,2014-04
2014-04-11,379646.845927,2014,4,15,4,2014-04
2014-04-12,529919.922964,2014,4,15,5,2014-04
2014-04-13,540190.281942,2014,4,15,6,2014-04
2014-04-14,381386.309033,2014,4,16,0,2014-04
2014-04-15,364689.054991,2014,4,16,1,2014-04
2014-04-16,411357.084985,2014,4,16,2,2014-04
2014-04-17,397464.842904,2014,4,16,3,2014-04
2014-04-18,394392.184115,2014,4,16,4,2014-04
2014-04-19,496904.749136,2014,4,16,5,2014-04
2014-04-20,520126.3980386,2014,4,16,6,2014-04
2014-04-21,398677.396998,2014,4,17,0,2014-04
2014-04-22,370552.249018,2014,4,17,1,2014-04
2014-04-23,372232.595049,2014,4,17,2,2014-04
2014-04-24,320875.477858,2014,4,17,3,2014-04
2014-04-25,357173.708433,2014,4,17,4,2014-04
2014-04-26,497334.735036,2014,4,17,5,2014-04
2014-04-27,560508.420995,2014,4,17,6,2014-04
2014-04-28,362271.9169815,2014,4,18,0,2014-04
2014-04-29,326338.348031,2014,4,18,1,2014-04
2014-04-30,357079.964912,2014,4,18,2,2014-04
2014-05-01,530380.848064,2014,5,18,3,2014-05
2014-05-02,443284.891212,2014,5,18,4,2014-05
2014-05-03,610391.748971,2014,5,18,5,2014-05
2014-05-04,646164.863883,2014,5,18,6,2014-05
2014-05-05,427601.704071,2014,5,19,0,2014-05
2014-05-06,388945.890086,2014,5,19,1,2014-05
2014-05-07,391932.183945,2014,5,19,2,2014-05
2014-05-08,337483.713217,2014,5,19,3,2014-05
2014-05-09,381335.196055,2014,5,19,4,2014-05
2014-05-10,577012.026997,2014,5,19,5,2014-05
2014-05-11,454512.928937,2014,5,19,6,2014-05
2014-05-12,398251.889006,2014,5,20,0,2014-05
2014-05-13,360734.522978,2014,5,20,1,2014-05
2014-05-14,356373.806985,2014,5,20,2,2014-05
2014-05-15,332272.8296378,2014,5,20,3,2014-05
2014-05-16,380822.742652,2014,5,20,4,2014-05
2014-05-17,537873.964019,2014,5,20,5,2014-05
2014-05-18,634519.7368283,2014,5,20,6,2014-05
2014-05-19,388814.744958,2014,5,21,0,2014-05
2014-05-20,354372.33997,2014,5,21,1,2014-05
2014-05-21,356898.483031,2014,5,21,2,2014-05
2014-05-22,310660.142642,2014,5,21,3,2014-05
2014-05-23,349549.892726,2014,5,21,4,2014-05
2014-05-24,516627.261707,2014,5,21,5,2014-05
2014-05-25,573412.21016,2014,5,21,6,2014-05
2014-05-26,373831.086112,2014,5,22,0,2014-05
2014-05-27,327642.143098,2014,5,22,1,2014-05
2014-05-28,338481.784057,2014,5,22,2,2014-05
2014-05-29,326624.5773325,2014,5,22,3,2014-05
2014-05-30,375782.6398709,2014,5,22,4,2014-05
2014-05-31,597192.467989,2014,5,22,5,2014-05
2014-06-01,742732.830236,2014,6,22,6,2014-06
2014-06-02,512725.7729758,2014,6,23,0,2014-06
2014-06-03,443636.187975,2014,6,23,1,2014-06
2014-06-04,423284.494993,2014,6,23,2,2014-06
2014-06-05,359474.513823,2014,6,23,3,2014-06
2014-06-06,391266.125449,2014,6,23,4,2014-06
2014-06-07,557142.461024,2014,6,23,5,2014-06
2014-06-08,626026.956957,2014,6,23,6,2014-06
2014-06-09,415798.946041,2014,6,24,0,2014-06
2014-06-10,351689.4229725,2014,6,24,1,2014-06
2014-06-11,373828.16418,2014,6,24,2,2014-06
2014-06-12,329408.06736,2014,6,24,3,2014-06
2014-06-13,392308.374573,2014,6,24,4,2014-06
2014-06-14,622072.988944,2014,6,24,5,2014-06
2014-06-15,441279.9339945,2014,6,24,6,2014-06
2014-06-16,447450.23987,2014,6,25,0,2014-06
2014-06-17,380396.036044,2014,6,25,1,2014-06
2014-06-18,373408.6641423,2014,6,25,2,2014-06
2014-06-19,332280.93509600003,2014,6,25,3,2014-06
2014-06-20,369206.789547,2014,6,25,4,2014-06
2014-06-21,538613.855166,2014,6,25,5,2014-06
2014-06-22,591184.1240535,2014,6,25,6,2014-06
2014-06-23,414929.6359765,2014,6,26,0,2014-06
2014-06-24,340464.7450455,2014,6,26,1,2014-06
2014-06-25,355342.398017,2014,6,26,2,2014-06
2014-06-26,315798.180924,2014,6,26,3,2014-06
2014-06-27,370793.573429,2014,6,26,4,2014-06
2014-06-28,510870.81398,2014,6,26,5,2014-06
2014-06-29,567218.8850125,2014,6,26,6,2014-06
2014-06-30,429324.0552005,2014,6,27,0,2014-06
2014-07-01,720480.616788,2014,7,27,1,2014-07
2014-07-02,747430.1471275,2014,7,27,2,2014-07
2014-07-03,583844.7207922,2014,7,27,3,2014-07
2014-07-04,595424.31324,2014,7,27,4,2014-07
2014-07-05,817307.1101677,2014,7,27,5,2014-07
2014-07-06,918276.596259,2014,7,27,6,2014-07
2014-07-07,638526.428909,2014,7,28,0,2014-07
2014-07-08,557291.4975265,2014,7,28,1,2014-07
2014-07-09,574451.409963,2014,7,28,2,2014-07
2014-07-10,498047.54898,2014,7,28,3,2014-07
2014-07-11,535644.182793,2014,7,28,4,2014-07
2014-07-12,756698.7523004999,2014,7,28,5,2014-07
2014-07-13,733653.779849,2014,7,28,6,2014-07
2014-07-14,584867.15114,2014,7,29,0,2014-07
2014-07-15,562860.0268329,2014,7,29,1,2014-07
2014-07-16,621336.4939885,2014,7,29,2,2014-07
2014-07-17,498221.7050971,2014,7,29,3,2014-07
2014-07-18,547619.0590519,2014,7,29,4,2014-07
2014-07-19,728988.226204,2014,7,29,5,2014-07
2014-07-20,776474.1180457,2014,7,29,6,2014-07
2014-07-21,600228.430008,2014,7,30,0,2014-07
2014-07-22,530276.040011,2014,7,30,1,2014-07
2014-07-23,574168.635995,2014,7,30,2,2014-07
2014-07-24,484618.8170115,2014,7,30,3,2014-07
2014-07-25,579767.285128,2014,7,30,4,2014-07
2014-07-26,688919.5500267,2014,7,30,5,2014-07
2014-07-27,747307.86662,2014,7,30,6,2014-07
2014-07-28,583936.68549,2014,7,31,0,2014-07
2014-07-29,524743.3250017,2014,7,31,1,2014-07
2014-07-30,578056.965281,2014,7,31,2,2014-07
2014-07-31,532423.558194,2014,7,31,3,2014-07
2014-08-01,506826.7949305,2014,8,31,4,2014-08
2014-08-02,626533.637869,2014,8,31,5,2014-08
2014-08-03,625898.205888,2014,8,31,6,2014-08
2014-08-04,471173.304022,2014,8,32,0,2014-08
2014-08-05,417197.476176,2014,8,32,1,2014-08
2014-08-06,402914.370941,2014,8,32,2,2014-08
2014-08-07,359701.53298899997,2014,8,32,3,2014-08
2014-08-08,397759.9389829,2014,8,32,4,2014-08
2014-08-09,496192.787084,2014,8,32,5,2014-08
2014-08-10,509681.7650025,2014,8,32,6,2014-08
2014-08-11,409544.575013,2014,8,33,0,2014-08
2014-08-12,353898.211991,2014,8,33,1,2014-08
2014-08-13,372116.544964,2014,8,33,2,2014-08
2014-08-14,340740.8170565,2014,8,33,3,2014-08
2014-08-15,402631.8400593,2014,8,33,4,2014-08
2014-08-16,533996.15517,2014,8,33,5,2014-08
2014-08-17,564443.173007,2014,8,33,6,2014-08
2014-08-18,433042.298907,2014,8,34,0,2014-08
2014-08-19,379329.9530773,2014,8,34,1,2014-08
2014-08-20,398126.790988,2014,8,34,2,2014-08
2014-08-21,355108.8749955,2014,8,34,3,2014-08
2014-08-22,388359.8983235,2014,8,34,4,2014-08
2014-08-23,499678.208204,2014,8,34,5,2014-08
2014-08-24,528990.5611087,2014,8,34,6,2014-08
2014-08-25,412250.075007,2014,8,35,0,2014-08
2014-08-26,355053.9079745,2014,8,35,1,2014-08
2014-08-27,366321.498077,2014,8,35,2,2014-08
2014-08-28,327912.427,2014,8,35,3,2014-08
2014-08-29,403288.917062,2014,8,35,4,2014-08
2014-08-30,586373.694132,2014,8,35,5,2014-08
2014-08-31,660088.183052,2014,8,35,6,2014-08
2014-09-01,812526.219024,2014,9,36,0,2014-09
2014-09-02,717351.552768,2014,9,36,1,2014-09
2014-09-03,726683.8617375,2014,9,36,2,2014-09
2014-09-04,551340.0774347,2014,9,36,3,2014-09
2014-09-05,603043.241921,2014,9,36,4,2014-09
2014-09-06,870139.4459765,2014,9,36,5,2014-09
2014-09-07,997964.077948,2014,9,36,6,2014-09
2014-09-08,648651.744928,2014,9,37,0,2014-09
2014-09-09,562420.568002,2014,9,37,1,2014-09
2014-09-10,612987.4722337,2014,9,37,2,2014-09
2014-09-11,483462.953022,2014,9,37,3,2014-09
2014-09-12,564382.847851,2014,9,37,4,2014-09
2014-09-13,795802.238124,2014,9,37,5,2014-09
2014-09-14,896501.5622945,2014,9,37,6,2014-09
2014-09-15,630710.5728885,2014,9,38,0,2014-09
2014-09-16,608239.973016,2014,9,38,1,2014-09
2014-09-17,617472.3442115,2014,9,38,2,2014-09
2014-09-18,479500.843061,2014,9,38,3,2014-09
2014-09-19,550213.093909,2014,9,38,4,2014-09
2014-09-20,808490.763077,2014,9,38,5,2014-09
2014-09-21,901420.451004,2014,9,38,6,2014-09
2014-09-22,589120.293928,2014,9,39,0,2014-09
2014-09-23,559954.304399,2014,9,39,1,2014-09
2014-09-24,598183.114508,2014,9,39,2,2014-09
2014-09-25,466867.377076,2014,9,39,3,2014-09
2014-09-26,515474.223943,2014,9,39,4,2014-09
2014-09-27,781202.367982,2014,9,39,5,2014-09
2014-09-28,886531.789814,2014,9,39,6,2014-09
2014-09-29,586682.822002,2014,9,40,0,2014-09
2014-09-30,599093.9157257,2014,9,40,1,2014-09
2014-10-01,784500.253914,2014,10,40,2,2014-10
2014-10-02,634306.519052,2014,10,40,3,2014-10
2014-10-03,675639.295098,2014,10,40,4,2014-10
2014-10-04,931317.51302,2014,10,40,5,2014-10
2014-10-05,985466.962071,2014,10,40,6,2014-10
2014-10-06,641480.757266,2014,10,41,0,2014-10
2014-10-07,586410.2709706,2014,10,41,1,2014-10
2014-10-08,620201.323059,2014,10,41,2,2014-10
2014-10-09,510519.923104,2014,10,41,3,2014-10
2014-10-10,702470.317955,2014,10,41,4,2014-10
2014-10-11,748309.153739,2014,10,41,5,2014-10
2014-10-12,843971.132714,2014,10,41,6,2014-10
2014-10-13,611726.926015,2014,10,42,0,2014-10
2014-10-14,550589.573294,2014,10,42,1,2014-10
2014-10-15,624797.469491,2014,10,42,2,2014-10
2014-10-16,538252.607117,2014,10,42,3,2014-10
2014-10-17,558538.135999,2014,10,42,4,2014-10
2014-10-18,820840.970792,2014,10,42,5,2014-10
2014-10-19,935410.595877,2014,10,42,6,2014-10
2014-10-20,624629.990941,2014,10,43,0,2014-10
2014-10-21,542207.165266,2014,10,43,1,2014-10
2014-10-22,584926.355993,2014,10,43,2,2014-10
2014-10-23,492233.2322,2014,10,43,3,2014-10
2014-10-24,528403.680064,2014,10,43,4,2014-10
2014-10-25,758926.230707,2014,10,43,5,2014-10
2014-10-26,892128.498949,2014,10,43,6,2014-10
2014-10-27,572806.6319285,2014,10,44,0,2014-10
2014-10-28,512678.811505,2014,10,44,1,2014-10
2014-10-29,560819.6780005,2014,10,44,2,2014-10
2014-10-30,459715.26616,2014,10,44,3,2014-10
2014-10-31,561876.0719155,2014,10,44,4,2014-10
2014-11-01,873539.2478855,2014,11,44,5,2014-11
2014-11-02,709851.4922288,2014,11,44,6,2014-11
2014-11-03,973192.041735,2014,11,45,0,2014-11
2014-11-04,702751.953595,2014,11,45,1,2014-11
2014-11-05,718799.9390395,2014,11,45,2,2014-11
2014-11-06,566118.381055,2014,11,45,3,2014-11
2014-11-07,585330.25773,2014,11,45,4,2014-11
2014-11-08,816064.644983,2014,11,45,5,2014-11
2014-11-09,941478.422301,2014,11,45,6,2014-11
2014-11-10,593376.793073,2014,11,46,0,2014-11
2014-11-11,552505.750307,2014,11,46,1,2014-11
2014-11-12,588093.484021,2014,11,46,2,2014-11
2014-11-13,468057.386823,2014,11,46,3,2014-11
2014-11-14,553007.970965,2014,11,46,4,2014-11
2014-11-15,786124.201177,2014,11,46,5,2014-11
2014-11-16,956619.401927,2014,11,46,6,2014-11
2014-11-17,620876.340058,2014,11,47,0,2014-11
2014-11-18,553367.204141,2014,11,47,1,2014-11
2014-11-19,580234.0113007,2014,11,47,2,2014-11
2014-11-20,511855.7610447,2014,11,47,3,2014-11
2014-11-21,567978.732759,2014,11,47,4,2014-11
2014-11-22,763720.148593,2014,11,47,5,2014-11
2014-11-23,907432.656994,2014,11,47,6,2014-11
2014-11-24,610847.95702,2014,11,48,0,2014-11
2014-11-25,541225.608011,2014,11,48,1,2014-11
2014-11-26,579125.306002,2014,11,48,2,2014-11
2014-11-27,475823.897052,2014,11,48,3,2014-11
2014-11-28,559619.825094,2014,11,48,4,2014-11
2014-11-29,850925.105136,2014,11,48,5,2014-11
2014-11-30,1023691.281592,2014,11,48,6,2014-11
2014-12-01,817413.561974,2014,12,49,0,2014-12
2014-12-02,735319.1840285,2014,12,49,1,2014-12
2014-12-03,715127.614539,2014,12,49,2,2014-12
2014-12-04,578961.517004,2014,12,49,3,2014-12
2014-12-05,635445.153317,2014,12,49,4,2014-12
2014-12-06,829386.70612,2014,12,49,5,2014-12
2014-12-07,1013889.8074,2014,12,49,6,2014-12
2014-12-08,790283.289992,2014,12,50,0,2014-12
2014-12-09,665123.962957,2014,12,50,1,2014-12
2014-12-10,732121.033873,2014,12,50,2,2014-12
2014-12-11,580542.178879,2014,12,50,3,2014-12
2014-12-12,642760.387245,2014,12,50,4,2014-12
2014-12-13,854830.905829,2014,12,50,5,2014-12
2014-12-14,999106.1325775,2014,12,50,6,2014-12
2014-12-15,790182.945791,2014,12,51,0,2014-12
2014-12-16,799067.056179,2014,12,51,1,2014-12
2014-12-17,779966.499188,2014,12,51,2,2014-12
2014-12-18,731938.479893,2014,12,51,3,2014-12
2014-12-19,757349.3758179,2014,12,51,4,2014-12
2014-12-20,935555.52434,2014,12,51,5,2014-12
2014-12-21,1056605.2012285,2014,12,51,6,2014-12
2014-12-22,1008143.3460193,2014,12,52,0,2014-12
2014-12-23,1064977.9730725,2014,12,52,1,2014-12
2014-12-24,965982.871715,2014,12,52,2,2014-12
2014-12-26,872098.456795,2014,12,52,4,2014-12
2014-12-27,740596.158932,2014,12,52,5,2014-12
2014-12-28,716329.635071,2014,12,52,6,2014-12
2014-12-29,773998.401175,2014,12,1,0,2014-12
2014-12-30,912970.533204,2014,12,1,1,2014-12
2014-12-31,844380.469674,2014,12,1,2,2014-12
2015-01-01,12773.61698,2015,1,1,3,2015-01
2015-01-02,657763.391981,2015,1,1,4,2015-01
2015-01-03,648880.686926,2015,1,1,5,2015-01
2015-01-04,730923.776022,2015,1,1,6,2015-01
2015-01-05,569267.29796,2015,1,2,0,2015-01
2015-01-06,477886.741053,2015,1,2,1,2015-01
2015-01-07,494160.850117,2015,1,2,2,2015-01
2015-01-08,417482.689131,2015,1,2,3,2015-01
2015-01-09,439381.226073,2015,1,2,4,2015-01
2015-01-10,569956.90801,2015,1,2,5,2015-01
2015-01-11,694860.9511,2015,1,2,6,2015-01
2015-01-12,442845.544014,2015,1,3,0,2015-01
2015-01-13,393799.993059,2015,1,3,1,2015-01
2015-01-14,400923.97107,2015,1,3,2,2015-01
2015-01-15,371146.144942,2015,1,3,3,2015-01
2015-01-16,423599.9357975,2015,1,3,4,2015-01
2015-01-17,621865.434007,2015,1,3,5,2015-01
2015-01-18,678277.030991,2015,1,3,6,2015-01
2015-01-19,448217.896919,2015,1,4,0,2015-01
2015-01-20,405308.77722,2015,1,4,1,2015-01
2015-01-21,413202.592067,2015,1,4,2,2015-01
2015-01-22,364862.5390355,2015,1,4,3,2015-01
2015-01-23,416937.181925,2015,1,4,4,2015-01
2015-01-24,588849.871003,2015,1,4,5,2015-01
2015-01-25,631623.951015,2015,1,4,6,2015-01
2015-01-26,410009.617966,2015,1,5,0,2015-01
2015-01-27,360009.850046,2015,1,5,1,2015-01
2015-01-28,376935.916035,2015,1,5,2,2015-01
2015-01-29,343062.160973,2015,1,5,3,2015-01
2015-01-30,435899.6719165,2015,1,5,4,2015-01
2015-01-31,656205.841844,2015,1,5,5,2015-01
2015-02-01,815294.475951,2015,2,5,6,2015-02
2015-02-02,538301.886974,2015,2,6,0,2015-02
2015-02-03,475249.842928,2015,2,6,1,2015-02
2015-02-04,451923.147059,2015,2,6,2,2015-02
2015-02-05,407491.967944,2015,2,6,3,2015-02
2015-02-06,437147.54517,2015,2,6,4,2015-02
2015-02-07,599911.594879,2015,2,6,5,2015-02
2015-02-08,622994.231951,2015,2,6,6,2015-02
2015-02-09,458002.152043,2015,2,7,0,2015-02
2015-02-10,400825.9849177,2015,2,7,1,2015-02
2015-02-11,400115.3330245,2015,2,7,2,2015-02
2015-02-12,384963.142969,2015,2,7,3,2015-02
2015-02-13,493265.468013,2015,2,7,4,2015-02
2015-02-14,562855.068099,2015,2,7,5,2015-02
2015-02-15,434886.671834,2015,2,7,6,2015-02
2015-02-16,420740.903983,2015,2,8,0,2015-02
2015-02-17,483088.13409300003,2015,2,8,1,2015-02
2015-02-18,497499.057967,2015,2,8,2,2015-02
2015-02-19,436360.905914,2015,2,8,3,2015-02
2015-02-20,483681.015026,2015,2,8,4,2015-02
2015-02-21,572753.075038,2015,2,8,5,2015-02
2015-02-22,691339.067796,2015,2,8,6,2015-02
2015-02-23,443349.890841,2015,2,9,0,2015-02
2015-02-24,407890.277971,2015,2,9,1,2015-02
2015-02-25,395774.954032,2015,2,9,2,2015-02
2015-02-26,354938.226975,2015,2,9,3,2015-02
2015-02-27,436488.424914,2015,2,9,4,2015-02
2015-02-28,635263.400075,2015,2,9,5,2015-02
2015-03-01,820434.978924,2015,3,9,6,2015-03
2015-03-02,546037.787999,2015,3,10,0,2015-03
2015-03-03,492365.24083,2015,3,10,1,2015-03
2015-03-04,483330.548167,2015,3,10,2,2015-03
2015-03-05,428599.809059,2015,3,10,3,2015-03
2015-03-06,463723.974873,2015,3,10,4,2015-03
2015-03-07,657377.210913,2015,3,10,5,2015-03
2015-03-08,659563.411966,2015,3,10,6,2015-03
2015-03-09,480371.950086,2015,3,11,0,2015-03
2015-03-10,457881.7640763,2015,3,11,1,2015-03
2015-03-11,425617.727075,2015,3,11,2,2015-03
2015-03-12,382588.6690535,2015,3,11,3,2015-03
2015-03-13,434805.995204,2015,3,11,4,2015-03
2015-03-14,616609.760896,2015,3,11,5,2015-03
2015-03-15,662700.871933,2015,3,11,6,2015-03
2015-03-16,466598.425914,2015,3,12,0,2015-03
2015-03-17,415359.51603,2015,3,12,1,2015-03
2015-03-18,398629.999994,2015,3,12,2,2015-03
2015-03-19,373324.3829895,2015,3,12,3,2015-03
2015-03-20,467687.945081,2015,3,12,4,2015-03
2015-03-21,624099.228222,2015,3,12,5,2015-03
2015-03-22,646466.401887,2015,3,12,6,2015-03
2015-03-23,462664.2370045,2015,3,13,0,2015-03
2015-03-24,407369.722015,2015,3,13,1,2015-03
2015-03-25,408258.189916,2015,3,13,2,2015-03
2015-03-26,367006.957001,2015,3,13,3,2015-03
2015-03-27,436906.608975,2015,3,13,4,2015-03
2015-03-28,589854.7040575,2015,3,13,5,2015-03
2015-03-29,641213.770163,2015,3,13,6,2015-03
2015-03-30,437878.834978,2015,3,14,0,2015-03
2015-03-31,443278.893073,2015,3,14,1,2015-03
2015-04-01,557223.161038,2015,4,14,2,2015-04
2015-04-02,524588.902022,2015,4,14,3,2015-04
2015-04-03,510296.785948,2015,4,14,4,2015-04
2015-04-04,653894.195903,2015,4,14,5,2015-04
2015-04-05,659669.577136,2015,4,14,6,2015-04
2015-04-06,519734.816963,2015,4,15,0,2015-04
2015-04-07,464788.21798,2015,4,15,1,2015-04
2015-04-08,461140.213006,2015,4,15,2,2015-04
2015-04-09,398718.315935,2015,4,15,3,2015-04
2015-04-10,445869.298012,2015,4,15,4,2015-04
2015-04-11,610603.017074,2015,4,15,5,2015-04
2015-04-12,659939.024086,2015,4,15,6,2015-04
2015-04-13,453724.756048,2015,4,16,0,2015-04
2015-04-14,403623.396979,2015,4,16,1,2015-04
2015-04-15,438106.287965,2015,4,16,2,2015-04
2015-04-16,418643.193957,2015,4,16,3,2015-04
2015-04-17,456303.236748,2015,4,16,4,2015-04
2015-04-18,629155.66071,2015,4,16,5,2015-04
2015-04-19,684544.950159,2015,4,16,6,2015-04
2015-04-20,481694.770966,2015,4,17,0,2015-04
2015-04-21,426018.313035,2015,4,17,1,2015-04
2015-04-22,421108.210059,2015,4,17,2,2015-04
2015-04-23,392147.042002,2015,4,17,3,2015-04
2015-04-24,437625.507963,2015,4,17,4,2015-04
2015-04-25,588781.512939,2015,4,17,5,2015-04
2015-04-26,625901.000988,2015,4,17,6,2015-04
2015-04-27,425049.148087,2015,4,18,0,2015-04
2015-04-28,374839.1850745,2015,4,18,1,2015-04
2015-04-29,398724.330055,2015,4,18,2,2015-04
2015-04-30,432612.141938,2015,4,18,3,2015-04
2015-05-01,674509.400095,2015,5,18,4,2015-05
2015-05-02,711052.273896,2015,5,18,5,2015-05
2015-05-03,742887.785029,2015,5,18,6,2015-05
2015-05-04,556245.147953,2015,5,19,0,2015-05
2015-05-05,509493.227021,2015,5,19,1,2015-05
2015-05-06,504999.550962,2015,5,19,2,2015-05
2015-05-07,444082.309939,2015,5,19,3,2015-05
2015-05-08,481304.22297,2015,5,19,4,2015-05
2015-05-09,706705.4400759999,2015,5,19,5,2015-05
2015-05-10,558062.273048,2015,5,19,6,2015-05
2015-05-11,524864.051063,2015,5,20,0,2015-05
2015-05-12,452162.874045,2015,5,20,1,2015-05
2015-05-13,446915.639008,2015,5,20,2,2015-05
2015-05-14,395609.666087,2015,5,20,3,2015-05
2015-05-15,483535.538107,2015,5,20,4,2015-05
2015-05-16,709798.552994,2015,5,20,5,2015-05
2015-05-17,798186.132143,2015,5,20,6,2015-05
2015-05-18,496595.01098,2015,5,21,0,2015-05
2015-05-19,446375.4880335,2015,5,21,1,2015-05
2015-05-20,466238.630977,2015,5,21,2,2015-05
2015-05-21,417006.136035,2015,5,21,3,2015-05
2015-05-22,458727.917031,2015,5,21,4,2015-05
2015-05-23,658882.9229615,2015,5,21,5,2015-05
2015-05-24,738068.426823,2015,5,21,6,2015-05
2015-05-25,534802.790004,2015,5,22,0,2015-05
2015-05-26,463132.406006,2015,5,22,1,2015-05
2015-05-27,481804.96096,2015,5,22,2,2015-05
2015-05-28,428506.881011,2015,5,22,3,2015-05
2015-05-29,560519.530038,2015,5,22,4,2015-05
2015-05-30,855728.291973,2015,5,22,5,2015-05
2015-05-31,1023564.76704,2015,5,22,6,2015-05
2015-06-01,812081.2027655,2015,6,23,0,2015-06
2015-06-02,753430.6418917,2015,6,23,1,2015-06
2015-06-03,747929.452075,2015,6,23,2,2015-06
2015-06-04,608994.6461083,2015,6,23,3,2015-06
2015-06-05,657675.126037,2015,6,23,4,2015-06
2015-06-06,904437.271141,2015,6,23,5,2015-06
2015-06-07,1070695.9178497,2015,6,23,6,2015-06
2015-06-08,696952.81204,2015,6,24,0,2015-06
2015-06-09,623725.1071692,2015,6,24,1,2015-06
2015-06-10,641435.3719983,2015,6,24,2,2015-06
2015-06-11,510019.1489275,2015,6,24,3,2015-06
2015-06-12,606616.000975,2015,6,24,4,2015-06
2015-06-13,840727.775905,2015,6,24,5,2015-06
2015-06-14,967745.7218685,2015,6,24,6,2015-06
2015-06-15,666557.1317587,2015,6,25,0,2015-06
2015-06-16,672637.824072,2015,6,25,1,2015-06
2015-06-17,677171.157112,2015,6,25,2,2015-06
2015-06-18,556155.0391433,2015,6,25,3,2015-06
2015-06-19,659233.5706609,2015,6,25,4,2015-06
2015-06-20,936951.654373,2015,6,25,5,2015-06
2015-06-21,790568.421132,2015,6,25,6,2015-06
2015-06-22,701208.22895,2015,6,26,0,2015-06
2015-06-23,640322.326029,2015,6,26,1,2015-06
2015-06-24,643411.714061,2015,6,26,2,2015-06
2015-06-25,518700.9558973,2015,6,26,3,2015-06
2015-06-26,593299.460788,2015,6,26,4,2015-06
2015-06-27,831492.4641955,2015,6,26,5,2015-06
2015-06-28,976563.5890657,2015,6,26,6,2015-06
2015-06-29,639072.192193,2015,6,27,0,2015-06
2015-06-30,669548.425059,2015,6,27,1,2015-06
2015-07-01,885953.200992,2015,7,27,2,2015-07
2015-07-02,705642.2820965,2015,7,27,3,2015-07
2015-07-03,772773.3939200001,2015,7,27,4,2015-07
2015-07-04,1018541.84294,2015,7,27,5,2015-07
2015-07-05,982427.6819,2015,7,27,6,2015-07
2015-07-06,754949.70914,2015,7,28,0,2015-07
2015-07-07,654821.0515315,2015,7,28,1,2015-07
2015-07-08,732992.130029,2015,7,28,2,2015-07
2015-07-09,605032.4963965,2015,7,28,3,2015-07
2015-07-10,643986.381178,2015,7,28,4,2015-07
2015-07-11,794984.703157,2015,7,28,5,2015-07
2015-07-12,898731.936734,2015,7,28,6,2015-07
2015-07-13,647967.077874,2015,7,29,0,2015-07
2015-07-14,601452.258023,2015,7,29,1,2015-07
2015-07-15,664505.1001790001,2015,7,29,2,2015-07
2015-07-16,584042.727022,2015,7,29,3,2015-07
2015-07-17,653452.17114,2015,7,29,4,2015-07
2015-07-18,826353.336031,2015,7,29,5,2015-07
2015-07-19,894707.299378,2015,7,29,6,2015-07
2015-07-20,685961.243972,2015,7,30,0,2015-07
2015-07-21,607836.498977,2015,7,30,1,2015-07
2015-07-22,631385.408886,2015,7,30,2,2015-07
2015-07-23,541511.421067,2015,7,30,3,2015-07
2015-07-24,635244.2449785,2015,7,30,4,2015-07
2015-07-25,797427.520942,2015,7,30,5,2015-07
2015-07-26,875032.0362592,2015,7,30,6,2015-07
2015-07-27,652999.1942961001,2015,7,31,0,2015-07
2015-07-28,594977.6665523,2015,7,31,1,2015-07
2015-07-29,625449.98155,2015,7,31,2,2015-07
2015-07-30,543393.592625,2015,7,31,3,2015-07
2015-07-31,695083.4489723,2015,7,31,4,2015-07
2015-08-01,1044894.790061,2015,8,31,5,2015-08
2015-08-02,1043495.475018,2015,8,31,6,2015-08
2015-08-03,811119.83411,2015,8,32,0,2015-08
2015-08-04,726613.35811,2015,8,32,1,2015-08
2015-08-05,724346.594,2015,8,32,2,2015-08
2015-08-06,583375.211759,2015,8,32,3,2015-08
2015-08-07,663326.5180703,2015,8,32,4,2015-08
2015-08-08,784099.215997,2015,8,32,5,2015-08
2015-08-09,679410.125135,2015,8,32,6,2015-08
2015-08-10,785477.934216,2015,8,33,0,2015-08
2015-08-11,668280.357956,2015,8,33,1,2015-08
2015-08-12,678064.7316857,2015,8,33,2,2015-08
2015-08-13,557859.477954,2015,8,33,3,2015-08
2015-08-14,734484.205049,2015,8,33,4,2015-08
2015-08-15,936339.026059,2015,8,33,5,2015-08
2015-08-16,913846.62503,2015,8,33,6,2015-08
2015-08-17,694747.161863,2015,8,34,0,2015-08
2015-08-18,629475.6430527,2015,8,34,1,2015-08
2015-08-19,653733.3600063,2015,8,34,2,2015-08
2015-08-20,569443.704073,2015,8,34,3,2015-08
2015-08-21,653281.208151,2015,8,34,4,2015-08
2015-08-22,803270.157597,2015,8,34,5,2015-08
2015-08-23,865755.397429,2015,8,34,6,2015-08
2015-08-24,681575.9899773,2015,8,35,0,2015-08
2015-08-25,624698.33755,2015,8,35,1,2015-08
2015-08-26,640075.9908365,2015,8,35,2,2015-08
2015-08-27,548043.327354,2015,8,35,3,2015-08
2015-08-28,635737.2322,2015,8,35,4,2015-08
2015-08-29,876953.096934,2015,8,35,5,2015-08
2015-08-30,975697.601858,2015,8,35,6,2015-08
2015-08-31,776152.5521897,2015,8,36,0,2015-08
2015-09-01,906549.992952,2015,9,36,1,2015-09
2015-09-02,879033.0925,2015,9,36,2,2015-09
2015-09-03,707093.042,2015,9,36,3,2015-09
2015-09-04,736395.302632,2015,9,36,4,2015-09
2015-09-05,1052868.394291,2015,9,36,5,2015-09
2015-09-06,1147642.583011,2015,9,36,6,2015-09
2015-09-07,767382.7769737,2015,9,37,0,2015-09
2015-09-08,677312.236066,2015,9,37,1,2015-09
2015-09-09,705633.4998935,2015,9,37,2,2015-09
2015-09-10,577743.795026,2015,9,37,3,2015-09
2015-09-11,651330.167952,2015,9,37,4,2015-09
2015-09-12,921524.436013,2015,9,37,5,2015-09
2015-09-13,1023345.318906,2015,9,37,6,2015-09
2015-09-14,688405.190061,2015,9,38,0,2015-09
2015-09-15,682134.3540295,2015,9,38,1,2015-09
2015-09-16,742089.667998,2015,9,38,2,2015-09
2015-09-17,593577.802125,2015,9,38,3,2015-09
2015-09-18,653805.874946,2015,9,38,4,2015-09
2015-09-19,935893.481059,2015,9,38,5,2015-09
2015-09-20,1037532.860693,2015,9,38,6,2015-09
2015-09-21,717725.376959,2015,9,39,0,2015-09
2015-09-22,641914.7389995,2015,9,39,1,2015-09
2015-09-23,690419.721922,2015,9,39,2,2015-09
2015-09-24,557321.610921,2015,9,39,3,2015-09
2015-09-25,646083.8750635,2015,9,39,4,2015-09
2015-09-26,890486.060145,2015,9,39,5,2015-09
2015-09-27,1018062.963565,2015,9,39,6,2015-09
2015-09-28,671261.0640092,2015,9,40,0,2015-09
2015-09-29,609130.6581453,2015,9,40,1,2015-09
2015-09-30,711182.539054,2015,9,40,2,2015-09
2015-10-01,796340.858947,2015,10,40,3,2015-10
2015-10-02,830719.387744,2015,10,40,4,2015-10
2015-10-03,1179376.177625,2015,10,40,5,2015-10
2015-10-04,1234130.938595,2015,10,40,6,2015-10
2015-10-05,809524.837996,2015,10,41,0,2015-10
2015-10-06,696169.275967,2015,10,41,1,2015-10
2015-10-07,720562.330573,2015,10,41,2,2015-10
2015-10-08,603066.030064,2015,10,41,3,2015-10
2015-10-09,873934.7190479999,2015,10,41,4,2015-10
2015-10-10,867556.973019,2015,10,41,5,2015-10
2015-10-11,973329.203973,2015,10,41,6,2015-10
2015-10-12,721634.5721813,2015,10,42,0,2015-10
2015-10-13,585141.5538577,2015,10,42,1,2015-10
2015-10-14,688198.106351,2015,10,42,2,2015-10
2015-10-15,577952.197162,2015,10,42,3,2015-10
2015-10-16,693829.351874,2015,10,42,4,2015-10
2015-10-17,958052.958031,2015,10,42,5,2015-10
2015-10-18,1071477.102879,2015,10,42,6,2015-10
2015-10-19,699259.488037,2015,10,43,0,2015-10
2015-10-20,660308.361186,2015,10,43,1,2015-10
2015-10-21,672847.3460333,2015,10,43,2,2015-10
2015-10-22,547020.0469813,2015,10,43,3,2015-10
2015-10-23,639040.6062,2015,10,43,4,2015-10
2015-10-24,859950.710621,2015,10,43,5,2015-10
2015-10-25,1018783.141953,2015,10,43,6,2015-10
2015-10-26,649914.352338,2015,10,44,0,2015-10
2015-10-27,587066.101075,2015,10,44,1,2015-10
2015-10-28,599388.1222552,2015,10,44,2,2015-10
2015-10-29,511860.0689186,2015,10,44,3,2015-10
2015-10-30,635875.8911987,2015,10,44,4,2015-10
2015-10-31,915956.851878,2015,10,44,5,2015-10
2015-11-01,819250.388037,2015,11,44,6,2015-11
2015-11-02,762549.794932,2015,11,45,0,2015-11
2015-11-03,1033439.132986,2015,11,45,1,2015-11
2015-11-04,855494.43996,2015,11,45,2,2015-11
2015-11-05,649662.670907,2015,11,45,3,2015-11
2015-11-06,671145.788057,2015,11,45,4,2015-11
2015-11-07,929723.344157,2015,11,45,5,2015-11
2015-11-08,1077361.9559685,2015,11,45,6,2015-11
2015-11-09,683644.901987,2015,11,46,0,2015-11
2015-11-10,623529.1790699,2015,11,46,1,2015-11
2015-11-11,689746.212316,2015,11,46,2,2015-11
2015-11-12,506937.6640027,2015,11,46,3,2015-11
2015-11-13,626674.025055,2015,11,46,4,2015-11
2015-11-14,867597.332909,2015,11,46,5,2015-11
2015-11-15,1056159.462651,2015,11,46,6,2015-11
2015-11-16,716508.7092175,2015,11,47,0,2015-11
2015-11-17,618919.988059,2015,11,47,1,2015-11
2015-11-18,683954.18795,2015,11,47,2,2015-11
2015-11-19,560452.567301,2015,11,47,3,2015-11
2015-11-20,665619.668251,2015,11,47,4,2015-11
2015-11-21,863726.8816559,2015,11,47,5,2015-11
2015-11-22,1015844.2849005,2015,11,47,6,2015-11
2015-11-23,696685.460932,2015,11,48,0,2015-11
2015-11-24,612710.200935,2015,11,48,1,2015-11
2015-11-25,658917.83013,2015,11,48,2,2015-11
2015-11-26,530358.330027,2015,11,48,3,2015-11
2015-11-27,645087.0350447,2015,11,48,4,2015-11
2015-11-28,850596.003884,2015,11,48,5,2015-11
2015-11-29,1070619.802932,2015,11,48,6,2015-11
2015-11-30,762036.1239965,2015,11,49,0,2015-11
2015-12-01,857620.9426407,2015,12,49,1,2015-12
2015-12-02,867269.5758400001,2015,12,49,2,2015-12
2015-12-03,676883.031992,2015,12,49,3,2015-12
2015-12-04,749354.1319635,2015,12,49,4,2015-12
2015-12-05,966202.367876,2015,12,49,5,2015-12
2015-12-06,1143119.31945,2015,12,49,6,2015-12
2015-12-07,822334.708983,2015,12,50,0,2015-12
2015-12-08,712569.16983,2015,12,50,1,2015-12
2015-12-09,747893.782087,2015,12,50,2,2015-12
2015-12-10,657427.1785246,2015,12,50,3,2015-12
2015-12-11,708392.807819,2015,12,50,4,2015-12
2015-12-12,915667.884291,2015,12,50,5,2015-12
2015-12-13,1059425.4213405,2015,12,50,6,2015-12
2015-12-14,811613.7221567,2015,12,51,0,2015-12
2015-12-15,779809.953397,2015,12,51,1,2015-12
2015-12-16,859930.249129,2015,12,51,2,2015-12
2015-12-17,809809.748717,2015,12,51,3,2015-12
2015-12-18,893569.902701,2015,12,51,4,2015-12
2015-12-19,1095523.5178683,2015,12,51,5,2015-12
2015-12-20,1175416.9636673,2015,12,51,6,2015-12
2015-12-21,1072887.476889,2015,12,52,0,2015-12
2015-12-22,1141861.90926,2015,12,52,1,2015-12
2015-12-23,1196146.056374,2015,12,52,2,2015-12
2015-12-24,1083680.315238,2015,12,52,3,2015-12
2015-12-26,946725.190766,2015,12,52,5,2015-12
2015-12-27,837714.129168,2015,12,52,6,2015-12
2015-12-28,789684.9127821,2015,12,53,0,2015-12
2015-12-29,870762.025758,2015,12,53,1,2015-12
2015-12-30,1030043.735764,2015,12,53,2,2015-12
2015-12-31,964641.5415009999,2015,12,53,3,2015-12
2016-01-01,16433.394,2016,1,53,4,2016-01
2016-01-02,1066677.424862,2016,1,53,5,2016-01
2016-01-03,1226735.719895,2016,1,53,6,2016-01
2016-01-04,955956.875097,2016,1,1,0,2016-01
2016-01-05,835320.439089,2016,1,1,1,2016-01
2016-01-06,821685.655923,2016,1,1,2,2016-01
2016-01-07,653504.3669428,2016,1,1,3,2016-01
2016-01-08,713608.3341557,2016,1,1,4,2016-01
2016-01-09,989209.458148,2016,1,1,5,2016-01
2016-01-10,1094693.83696,2016,1,1,6,2016-01
2016-01-11,705495.240963,2016,1,2,0,2016-01
2016-01-12,647058.461085,2016,1,2,1,2016-01
2016-01-13,660045.317135,2016,1,2,2,2016-01
2016-01-14,561972.62307,2016,1,2,3,2016-01
2016-01-15,671027.100027,2016,1,2,4,2016-01
2016-01-16,959827.146436,2016,1,2,5,2016-01
2016-01-17,1057997.343303,2016,1,2,6,2016-01
2016-01-18,709784.229951,2016,1,3,0,2016-01
2016-01-19,630929.75099,2016,1,3,1,2016-01
2016-01-20,738744.013045,2016,1,3,2,2016-01
2016-01-21,552820.7690359,2016,1,3,3,2016-01
2016-01-22,648431.428037,2016,1,3,4,2016-01
2016-01-23,906754.833923,2016,1,3,5,2016-01
2016-01-24,980927.7570135,2016,1,3,6,2016-01
2016-01-25,658090.687097,2016,1,4,0,2016-01
2016-01-26,609465.787904,2016,1,4,1,2016-01
2016-01-27,647254.67807,2016,1,4,2,2016-01
2016-01-28,533709.8489592,2016,1,4,3,2016-01
2016-01-29,660492.758086,2016,1,4,4,2016-01
2016-01-30,969938.376831,2016,1,4,5,2016-01
2016-01-31,1093211.2294,2016,1,4,6,2016-01
2016-02-01,872063.3148838,2016,2,5,0,2016-02
2016-02-02,765233.207779,2016,2,5,1,2016-02
2016-02-03,772360.939004,2016,2,5,2,2016-02
2016-02-04,650328.166941,2016,2,5,3,2016-02
2016-02-05,768586.5079877,2016,2,5,4,2016-02
2016-02-06,941954.07605,2016,2,5,5,2016-02
2016-02-07,697791.630994,2016,2,5,6,2016-02
2016-02-08,636542.677274,2016,2,6,0,2016-02
2016-02-09,746939.64016,2016,2,6,1,2016-02
2016-02-10,790988.713851,2016,2,6,2,2016-02
2016-02-11,646376.371075,2016,2,6,3,2016-02
2016-02-12,698152.0698755,2016,2,6,4,2016-02
2016-02-13,859023.0269945,2016,2,6,5,2016-02
2016-02-14,940214.498527,2016,2,6,6,2016-02
2016-02-15,746671.290005,2016,2,7,0,2016-02
2016-02-16,719111.88609,2016,2,7,1,2016-02
2016-02-17,723794.722013,2016,2,7,2,2016-02
2016-02-18,570072.678149,2016,2,7,3,2016-02
2016-02-19,672510.133621,2016,2,7,4,2016-02
2016-02-20,883790.2212395,2016,2,7,5,2016-02
2016-02-21,991384.2700283,2016,2,7,6,2016-02
2016-02-22,698907.63622,2016,2,8,0,2016-02
2016-02-23,641329.0610941,2016,2,8,1,2016-02
2016-02-24,675573.377814,2016,2,8,2,2016-02
2016-02-25,557959.327812,2016,2,8,3,2016-02
2016-02-26,641922.8016649,2016,2,8,4,2016-02
2016-02-27,916704.0687289999,2016,2,8,5,2016-02
2016-02-28,994502.727301,2016,2,8,6,2016-02
2016-02-29,726619.7578255,2016,2,9,0,2016-02
2016-03-01,897927.643296,2016,3,9,1,2016-03
2016-03-02,878452.364907,2016,3,9,2,2016-03
2016-03-03,671564.7523075,2016,3,9,3,2016-03
2016-03-04,747546.7958183,2016,3,9,4,2016-03
2016-03-05,1028620.677053,2016,3,9,5,2016-03
2016-03-06,1078958.5091855,2016,3,9,6,2016-03
2016-03-07,738126.524119,2016,3,10,0,2016-03
2016-03-08,642291.3448895,2016,3,10,1,2016-03
2016-03-09,694645.8489091,2016,3,10,2,2016-03
2016-03-10,572491.856825,2016,3,10,3,2016-03
2016-03-11,664893.5129268001,2016,3,10,4,2016-03
2016-03-12,898101.109871,2016,3,10,5,2016-03
2016-03-13,954980.3301475,2016,3,10,6,2016-03
2016-03-14,668066.393105,2016,3,11,0,2016-03
2016-03-15,668186.702459,2016,3,11,1,2016-03
2016-03-16,739805.377693,2016,3,11,2,2016-03
2016-03-17,580452.5319757,2016,3,11,3,2016-03
2016-03-18,666756.8191527,2016,3,11,4,2016-03
2016-03-19,895038.512068,2016,3,11,5,2016-03
2016-03-20,929605.582019,2016,3,11,6,2016-03
2016-03-21,690469.800941,2016,3,12,0,2016-03
2016-03-22,622695.8369947,2016,3,12,1,2016-03
2016-03-23,714881.17408,2016,3,12,2,2016-03
2016-03-24,660489.8450025,2016,3,12,3,2016-03
2016-03-25,633524.200062,2016,3,12,4,2016-03
2016-03-26,800133.5174955,2016,3,12,5,2016-03
2016-03-27,833336.064862,2016,3,12,6,2016-03
2016-03-28,661057.8656583,2016,3,13,0,2016-03
2016-03-29,621166.0630926,2016,3,13,1,2016-03
2016-03-30,660138.988943,2016,3,13,2,2016-03
2016-03-31,617374.3379607,2016,3,13,3,2016-03
2016-04-01,872467.3200749999,2016,4,13,4,2016-04
2016-04-02,1150824.580929,2016,4,13,5,2016-04
2016-04-03,1266908.291001,2016,4,13,6,2016-04
2016-04-04,795237.1920634999,2016,4,14,0,2016-04
2016-04-05,725750.101045,2016,4,14,1,2016-04
2016-04-06,744784.8430795,2016,4,14,2,2016-04
2016-04-07,587939.720177,2016,4,14,3,2016-04
2016-04-08,689727.1961377,2016,4,14,4,2016-04
2016-04-09,927981.389244,2016,4,14,5,2016-04
2016-04-10,1008876.737901,2016,4,14,6,2016-04
2016-04-11,665348.963943,2016,4,15,0,2016-04
2016-04-12,651657.0342615,2016,4,15,1,2016-04
2016-04-13,672611.48105,2016,4,15,2,2016-04
2016-04-14,546785.2089455,2016,4,15,3,2016-04
2016-04-15,667606.299867,2016,4,15,4,2016-04
2016-04-16,862121.492036,2016,4,15,5,2016-04
2016-04-17,1271833.739255,2016,4,15,6,2016-04
2016-04-18,1345920.6048929,2016,4,16,0,2016-04
2016-04-19,1152089.208085,2016,4,16,1,2016-04
2016-04-20,1062426.2900389,2016,4,16,2,2016-04
2016-04-21,1001079.779168,2016,4,16,3,2016-04
2016-04-22,857059.24399,2016,4,16,4,2016-04
2016-04-23,1022143.1346499,2016,4,16,5,2016-04
2016-04-24,1039369.932014,2016,4,16,6,2016-04
2016-04-25,680000.753839,2016,4,17,0,2016-04
2016-04-26,704799.4182328,2016,4,17,1,2016-04
2016-04-27,670288.098041,2016,4,17,2,2016-04
2016-04-28,543339.849013,2016,4,17,3,2016-04
2016-04-29,708711.428894,2016,4,17,4,2016-04
2016-04-30,1067335.770093,2016,4,17,5,2016-04
2016-05-01,1270121.20756,2016,5,17,6,2016-05
2016-05-02,973985.670432,2016,5,18,0,2016-05
2016-05-03,792205.5501393,2016,5,18,1,2016-05
2016-05-04,798654.4540987,2016,5,18,2,2016-05
2016-05-05,648701.6029645,2016,5,18,3,2016-05
2016-05-06,761422.5161262,2016,5,18,4,2016-05
2016-05-07,1071192.776983,2016,5,18,5,2016-05
2016-05-08,820824.6380683,2016,5,18,6,2016-05
2016-05-09,771767.6541339,2016,5,19,0,2016-05
2016-05-10,693010.486981,2016,5,19,1,2016-05
2016-05-11,727543.4630335,2016,5,19,2,2016-05
2016-05-12,603394.2070997,2016,5,19,3,2016-05
2016-05-13,666833.8999414,2016,5,19,4,2016-05
2016-05-14,932869.5212631,2016,5,19,5,2016-05
2016-05-15,1070331.66738,2016,5,19,6,2016-05
2016-05-16,748112.686851,2016,5,20,0,2016-05
2016-05-17,661930.83884,2016,5,20,1,2016-05
2016-05-18,671232.9593407,2016,5,20,2,2016-05
2016-05-19,581470.5602065,2016,5,20,3,2016-05
2016-05-20,706024.0579254,2016,5,20,4,2016-05
2016-05-21,910757.16309,2016,5,20,5,2016-05
2016-05-22,1030671.62292,2016,5,20,6,2016-05
2016-05-23,695004.681298,2016,5,21,0,2016-05
2016-05-24,606377.2052165,2016,5,21,1,2016-05
2016-05-25,637512.038734,2016,5,21,2,2016-05
2016-05-26,571968.623123,2016,5,21,3,2016-05
2016-05-27,852689.219312,2016,5,21,4,2016-05
2016-05-28,816187.2200643,2016,5,21,5,2016-05
2016-05-29,959853.658039,2016,5,21,6,2016-05
2016-05-30,752452.419172,2016,5,22,0,2016-05
2016-05-31,974327.9898907,2016,5,22,1,2016-05
2016-06-01,811525.320315,2016,6,22,2,2016-06
2016-06-02,694535.9356793,2016,6,22,3,2016-06
2016-06-03,742363.085208,2016,6,22,4,2016-06
2016-06-04,1011996.61607,2016,6,22,5,2016-06
2016-06-05,1123734.4361,2016,6,22,6,2016-06
2016-06-06,729894.222866,2016,6,23,0,2016-06
2016-06-07,658714.653306,2016,6,23,1,2016-06
2016-06-08,696747.5498651,2016,6,23,2,2016-06
2016-06-09,547139.6129411,2016,6,23,3,2016-06
2016-06-10,637354.31962,2016,6,23,4,2016-06
2016-06-11,845838.2061645,2016,6,23,5,2016-06
2016-06-12,947479.764963,2016,6,23,6,2016-06
2016-06-13,685382.193062,2016,6,24,0,2016-06
2016-06-14,622267.7731045,2016,6,24,1,2016-06
2016-06-15,708327.6370845,2016,6,24,2,2016-06
2016-06-16,620526.243001,2016,6,24,3,2016-06
2016-06-17,737897.438279,2016,6,24,4,2016-06
2016-06-18,972971.109711,2016,6,24,5,2016-06
2016-06-19,837363.023871,2016,6,24,6,2016-06
2016-06-20,735754.3648971,2016,6,25,0,2016-06
2016-06-21,679248.0220203,2016,6,25,1,2016-06
2016-06-22,677730.6512057,2016,6,25,2,2016-06
2016-06-23,559653.337429,2016,6,25,3,2016-06
2016-06-24,641812.675912,2016,6,25,4,2016-06
2016-06-25,860296.8349625,2016,6,25,5,2016-06
2016-06-26,954344.666933,2016,6,25,6,2016-06
2016-06-27,684735.608995,2016,6,26,0,2016-06
2016-06-28,596948.934953,2016,6,26,1,2016-06
2016-06-29,632489.476942,2016,6,26,2,2016-06
2016-06-30,554144.864923,2016,6,26,3,2016-06
2016-07-01,857027.5539605,2016,7,26,4,2016-07
2016-07-02,1078485.141848,2016,7,26,5,2016-07
2016-07-03,1126713.707945,2016,7,26,6,2016-07
2016-07-04,850891.598845,2016,7,27,0,2016-07
2016-07-05,728011.558041,2016,7,27,1,2016-07
2016-07-06,752110.940641,2016,7,27,2,2016-07
2016-07-07,591702.7820185,2016,7,27,3,2016-07
2016-07-08,688563.400224,2016,7,27,4,2016-07
2016-07-09,868259.9708787,2016,7,27,5,2016-07
2016-07-10,932486.3001359,2016,7,27,6,2016-07
2016-07-11,688436.1450485,2016,7,28,0,2016-07
2016-07-12,627039.780111,2016,7,28,1,2016-07
2016-07-13,642494.4024465,2016,7,28,2,2016-07
2016-07-14,535124.328126,2016,7,28,3,2016-07
2016-07-15,675032.4290353,2016,7,28,4,2016-07
2016-07-16,887192.885063,2016,7,28,5,2016-07
2016-07-17,932586.6967328,2016,7,28,6,2016-07
2016-07-18,702619.751022,2016,7,29,0,2016-07
2016-07-19,633176.2922806,2016,7,29,1,2016-07
2016-07-20,686848.847004,2016,7,29,2,2016-07
2016-07-21,578823.6890245,2016,7,29,3,2016-07
2016-07-22,646633.655341,2016,7,29,4,2016-07
2016-07-23,822292.472006,2016,7,29,5,2016-07
2016-07-24,847867.677942,2016,7,29,6,2016-07
2016-07-25,697383.602092,2016,7,30,0,2016-07
2016-07-26,622771.923903,2016,7,30,1,2016-07
2016-07-27,651121.9849837,2016,7,30,2,2016-07
2016-07-28,533256.2493581,2016,7,30,3,2016-07
2016-07-29,669585.8378729,2016,7,30,4,2016-07
2016-07-30,910213.871959,2016,7,30,5,2016-07
2016-07-31,997916.9572141,2016,7,30,6,2016-07
2016-08-01,895580.405053,2016,8,31,0,2016-08
2016-08-02,777592.8388893,2016,8,31,1,2016-08
2016-08-03,779844.8100532,2016,8,31,2,2016-08
2016-08-04,622883.098161,2016,8,31,3,2016-08
2016-08-05,704092.7391311,2016,8,31,4,2016-08
2016-08-06,858903.2119025,2016,8,31,5,2016-08
2016-08-07,904321.436838,2016,8,31,6,2016-08
2016-08-08,715195.5388238,2016,8,32,0,2016-08
2016-08-09,635538.981035,2016,8,32,1,2016-08
2016-08-10,658457.436112,2016,8,32,2,2016-08
2016-08-11,596729.279945,2016,8,32,3,2016-08
2016-08-12,745662.5051491,2016,8,32,4,2016-08
2016-08-13,714905.9190669,2016,8,32,5,2016-08
2016-08-14,761826.1289779,2016,8,32,6,2016-08
2016-08-15,720032.299881,2016,8,33,0,2016-08
2016-08-16,718671.651353,2016,8,33,1,2016-08
2016-08-17,725945.703034,2016,8,33,2,2016-08
2016-08-18,577350.5209386,2016,8,33,3,2016-08
2016-08-19,678767.115815,2016,8,33,4,2016-08
2016-08-20,828986.33584,2016,8,33,5,2016-08
2016-08-21,901870.149939,2016,8,33,6,2016-08
2016-08-22,714866.233843,2016,8,34,0,2016-08
2016-08-23,660819.9779755,2016,8,34,1,2016-08
2016-08-24,674613.0479498,2016,8,34,2,2016-08
2016-08-25,554421.529139,2016,8,34,3,2016-08
2016-08-26,646698.272887,2016,8,34,4,2016-08
2016-08-27,791047.534486,2016,8,34,5,2016-08
2016-08-28,858802.419759,2016,8,34,6,2016-08
2016-08-29,671845.736816,2016,8,35,0,2016-08
2016-08-30,624711.335056,2016,8,35,1,2016-08
2016-08-31,731430.1240452,2016,8,35,2,2016-08
2016-09-01,718105.570925,2016,9,35,3,2016-09
2016-09-02,837129.587642,2016,9,35,4,2016-09
2016-09-03,1057581.210918,2016,9,35,5,2016-09
2016-09-04,1109985.857533,2016,9,35,6,2016-09
2016-09-05,813763.2950235,2016,9,36,0,2016-09
2016-09-06,751583.025072,2016,9,36,1,2016-09
2016-09-07,738543.916999,2016,9,36,2,2016-09
2016-09-08,595849.2986095,2016,9,36,3,2016-09
2016-09-09,658969.026968,2016,9,36,4,2016-09
2016-09-10,915938.559049,2016,9,36,5,2016-09
2016-09-11,1017369.2242663,2016,9,36,6,2016-09
2016-09-12,678776.4591265,2016,9,37,0,2016-09
2016-09-13,603427.946974,2016,9,37,1,2016-09
2016-09-14,624262.071976,2016,9,37,2,2016-09
2016-09-15,568324.812986,2016,9,37,3,2016-09
2016-09-16,691912.601466,2016,9,37,4,2016-09
2016-09-17,899219.297508,2016,9,37,5,2016-09
2016-09-18,1018662.657394,2016,9,37,6,2016-09
2016-09-19,681159.341976,2016,9,38,0,2016-09
2016-09-20,650980.3219717001,2016,9,38,1,2016-09
2016-09-21,666928.400013,2016,9,38,2,2016-09
2016-09-22,533276.332017,2016,9,38,3,2016-09
2016-09-23,663685.9846653,2016,9,38,4,2016-09
2016-09-24,861830.389997,2016,9,38,5,2016-09
2016-09-25,952352.5509251,2016,9,38,6,2016-09
2016-09-26,664217.4402937,2016,9,39,0,2016-09
2016-09-27,587908.3278165,2016,9,39,1,2016-09
2016-09-28,631761.1750463,2016,9,39,2,2016-09
2016-09-29,520744.9210333,2016,9,39,3,2016-09
2016-09-30,703198.490806,2016,9,39,4,2016-09
2016-10-01,1175033.65823,2016,10,39,5,2016-10
2016-10-02,1256480.1709663,2016,10,39,6,2016-10
2016-10-03,833060.55889,2016,10,40,0,2016-10
2016-10-04,724113.096039,2016,10,40,1,2016-10
2016-10-05,749712.3000211,2016,10,40,2,2016-10
2016-10-06,581429.340158,2016,10,40,3,2016-10
2016-10-07,797612.239327,2016,10,40,4,2016-10
2016-10-08,932551.706831,2016,10,40,5,2016-10
2016-10-09,1088251.479908,2016,10,40,6,2016-10
2016-10-10,725312.8469015,2016,10,41,0,2016-10
2016-10-11,625271.993952,2016,10,41,1,2016-10
2016-10-12,665126.077693,2016,10,41,2,2016-10
2016-10-13,558859.8909975,2016,10,41,3,2016-10
2016-10-14,667954.207226,2016,10,41,4,2016-10
2016-10-15,890613.591114,2016,10,41,5,2016-10
2016-10-16,1104504.6882152,2016,10,41,6,2016-10
2016-10-17,710456.4240015,2016,10,42,0,2016-10
2016-10-18,630638.592023,2016,10,42,1,2016-10
2016-10-19,647823.468973,2016,10,42,2,2016-10
2016-10-20,583001.280078,2016,10,42,3,2016-10
2016-10-21,669453.5420583,2016,10,42,4,2016-10
2016-10-22,843626.415914,2016,10,42,5,2016-10
2016-10-23,1022953.689959,2016,10,42,6,2016-10
2016-10-24,668507.6451983,2016,10,43,0,2016-10
2016-10-25,610590.8979547,2016,10,43,1,2016-10
2016-10-26,633413.8905697,2016,10,43,2,2016-10
2016-10-27,544361.4798829,2016,10,43,3,2016-10
2016-10-28,638838.252231,2016,10,43,4,2016-10
2016-10-29,841074.6969995,2016,10,43,5,2016-10
2016-10-30,954838.191008,2016,10,43,6,2016-10
2016-10-31,654923.5029715,2016,10,44,0,2016-10
2016-11-01,811832.445984,2016,11,44,1,2016-11
2016-11-02,969033.618953,2016,11,44,2,2016-11
2016-11-03,793811.6841115,2016,11,44,3,2016-11
2016-11-04,858468.216477,2016,11,44,4,2016-11
2016-11-05,887751.298669,2016,11,44,5,2016-11
2016-11-06,1140367.104134,2016,11,44,6,2016-11
2016-11-07,849451.0429045,2016,11,45,0,2016-11
2016-11-08,767439.628434,2016,11,45,1,2016-11
2016-11-09,790276.839009,2016,11,45,2,2016-11
2016-11-10,588241.7590247,2016,11,45,3,2016-11
2016-11-11,713396.4541223,2016,11,45,4,2016-11
2016-11-12,929802.771943,2016,11,45,5,2016-11
2016-11-13,1188982.232398,2016,11,45,6,2016-11
2016-11-14,735723.172977,2016,11,46,0,2016-11
2016-11-15,691801.6290437999,2016,11,46,1,2016-11
2016-11-16,830431.7415873,2016,11,46,2,2016-11
2016-11-17,615228.2560159,2016,11,46,3,2016-11
2016-11-18,738265.552222,2016,11,46,4,2016-11
2016-11-19,935656.0010137,2016,11,46,5,2016-11
2016-11-20,1125178.987911,2016,11,46,6,2016-11
2016-11-21,773762.280859,2016,11,47,0,2016-11
2016-11-22,690281.251004,2016,11,47,1,2016-11
2016-11-23,753685.041456,2016,11,47,2,2016-11
2016-11-24,595457.3062203,2016,11,47,3,2016-11
2016-11-25,737819.484836,2016,11,47,4,2016-11
2016-11-26,908066.823384,2016,11,47,5,2016-11
2016-11-27,1056721.5920875,2016,11,47,6,2016-11
2016-11-28,752583.7680527,2016,11,48,0,2016-11
2016-11-29,645760.5082353,2016,11,48,1,2016-11
2016-11-30,767361.704324,2016,11,48,2,2016-11
2016-12-01,843603.315088,2016,12,48,3,2016-12
2016-12-02,853454.930795,2016,12,48,4,2016-12
2016-12-03,1113440.567059,2016,12,48,5,2016-12
2016-12-04,1276195.0362097,2016,12,48,6,2016-12
2016-12-05,896824.938971,2016,12,49,0,2016-12
2016-12-06,932546.385931,2016,12,49,1,2016-12
2016-12-07,867653.7351403,2016,12,49,2,2016-12
2016-12-08,674077.382905,2016,12,49,3,2016-12
2016-12-09,774941.923982,2016,12,49,4,2016-12
2016-12-10,920050.745917,2016,12,49,5,2016-12
2016-12-11,1119324.243986,2016,12,49,6,2016-12
2016-12-12,844251.703802,2016,12,50,0,2016-12
2016-12-13,747161.615593,2016,12,50,1,2016-12
2016-12-14,829763.2190675,2016,12,50,2,2016-12
2016-12-15,747641.1828753001,2016,12,50,3,2016-12
2016-12-16,918899.786306,2016,12,50,4,2016-12
2016-12-17,1071655.6282493,2016,12,50,5,2016-12
2016-12-18,1260471.9085900001,2016,12,50,6,2016-12
2016-12-19,1028242.8227987,2016,12,51,0,2016-12
2016-12-20,1080402.388032,2016,12,51,1,2016-12
2016-12-21,1181307.3270735,2016,12,51,2,2016-12
2016-12-22,1135849.391084,2016,12,51,3,2016-12
2016-12-23,1282145.5171351,2016,12,51,4,2016-12
2016-12-24,1246837.8430543,2016,12,51,5,2016-12
2016-12-26,1032770.748898,2016,12,52,0,2016-12
2016-12-27,842475.490118,2016,12,52,1,2016-12
2016-12-28,951533.7138481,2016,12,52,2,2016-12
2016-12-29,894108.236835,2016,12,52,3,2016-12
2016-12-30,1163643.0379923,2016,12,52,4,2016-12
2016-12-31,1109012.812049,2016,12,52,5,2016-12
2017-01-01,12082.500997,2017,1,52,6,2017-01
2017-01-02,1402306.370834,2017,1,1,0,2017-01
2017-01-03,1104377.0798245,2017,1,1,1,2017-01
2017-01-04,990093.463742,2017,1,1,2,2017-01
2017-01-05,777620.9540695,2017,1,1,3,2017-01
2017-01-06,839600.237989,2017,1,1,4,2017-01
2017-01-07,1103806.298949,2017,1,1,5,2017-01
2017-01-08,1192543.750978,2017,1,1,6,2017-01
2017-01-09,793724.8969065,2017,1,2,0,2017-01
2017-01-10,742635.5692609,2017,1,2,1,2017-01
2017-01-11,770742.690065,2017,1,2,2,2017-01
2017-01-12,629635.794004,2017,1,2,3,2017-01
2017-01-13,768898.9443882,2017,1,2,4,2017-01
2017-01-14,1021050.536226,2017,1,2,5,2017-01
2017-01-15,1175725.165838,2017,1,2,6,2017-01
2017-01-16,824488.666175,2017,1,3,0,2017-01
2017-01-17,750836.542952,2017,1,3,1,2017-01
2017-01-18,782656.0246723,2017,1,3,2,2017-01
2017-01-19,606949.7448793,2017,1,3,3,2017-01
2017-01-20,725703.6910875,2017,1,3,4,2017-01
2017-01-21,1072721.724905,2017,1,3,5,2017-01
2017-01-22,1148214.358454,2017,1,3,6,2017-01
2017-01-23,798133.612125,2017,1,4,0,2017-01
2017-01-24,721275.774781,2017,1,4,1,2017-01
2017-01-25,744342.5929227,2017,1,4,2,2017-01
2017-01-26,576515.5369877,2017,1,4,3,2017-01
2017-01-27,722113.958837,2017,1,4,4,2017-01
2017-01-28,977850.40585,2017,1,4,5,2017-01
2017-01-29,1075166.993043,2017,1,4,6,2017-01
2017-01-30,698123.768037,2017,1,5,0,2017-01
2017-01-31,778222.285925,2017,1,5,1,2017-01
2017-02-01,961777.382874,2017,2,5,2,2017-02
2017-02-02,748882.732615,2017,2,5,3,2017-02
2017-02-03,834667.1519293,2017,2,5,4,2017-02
2017-02-04,1132788.541413,2017,2,5,5,2017-02
2017-02-05,1151987.631095,2017,2,5,6,2017-02
2017-02-06,786672.394181,2017,2,6,0,2017-02
2017-02-07,739431.213302,2017,2,6,1,2017-02
2017-02-08,783605.377185,2017,2,6,2,2017-02
2017-02-09,624387.487899,2017,2,6,3,2017-02
2017-02-10,752207.2398545,2017,2,6,4,2017-02
2017-02-11,944924.65301,2017,2,6,5,2017-02
2017-02-12,1074820.900014,2017,2,6,6,2017-02
2017-02-13,794314.4320675,2017,2,7,0,2017-02
2017-02-14,642613.187069,2017,2,7,1,2017-02
2017-02-15,745780.355084,2017,2,7,2,2017-02
2017-02-16,645968.2570671,2017,2,7,3,2017-02
2017-02-17,758855.71279,2017,2,7,4,2017-02
2017-02-18,1063394.844003,2017,2,7,5,2017-02
2017-02-19,858897.1230135,2017,2,7,6,2017-02
2017-02-20,759120.0599607,2017,2,8,0,2017-02
2017-02-21,717807.6770255,2017,2,8,1,2017-02
2017-02-22,739388.0344027,2017,2,8,2,2017-02
2017-02-23,675578.500156,2017,2,8,3,2017-02
2017-02-24,816197.498952,2017,2,8,4,2017-02
2017-02-25,1026011.2228075,2017,2,8,5,2017-02
2017-02-26,775708.987978,2017,2,8,6,2017-02
2017-02-27,744956.948138,2017,2,9,0,2017-02
2017-02-28,949366.8290505,2017,2,9,1,2017-02
2017-03-01,1008521.709962,2017,3,9,2,2017-03
2017-03-02,836225.179072,2017,3,9,3,2017-03
2017-03-03,882639.776274,2017,3,9,4,2017-03
2017-03-04,1125736.3470592,2017,3,9,5,2017-03
2017-03-05,1196983.690104,2017,3,9,6,2017-03
2017-03-06,790143.2410905,2017,3,10,0,2017-03
2017-03-07,761866.729975,2017,3,10,1,2017-03
2017-03-08,781046.6619577,2017,3,10,2,2017-03
2017-03-09,653901.1919827,2017,3,10,3,2017-03
2017-03-10,773855.30685,2017,3,10,4,2017-03
2017-03-11,1001174.4340065,2017,3,10,5,2017-03
2017-03-12,1146006.826973,2017,3,10,6,2017-03
2017-03-13,754390.380036,2017,3,11,0,2017-03
2017-03-14,700998.0346447,2017,3,11,1,2017-03
2017-03-15,815621.887369,2017,3,11,2,2017-03
2017-03-16,699108.166824,2017,3,11,3,2017-03
2017-03-17,812306.77427,2017,3,11,4,2017-03
2017-03-18,1038906.566154,2017,3,11,5,2017-03
2017-03-19,1157140.638587,2017,3,11,6,2017-03
2017-03-20,826428.90991,2017,3,12,0,2017-03
2017-03-21,746620.926177,2017,3,12,1,2017-03
2017-03-22,767880.804934,2017,3,12,2,2017-03
2017-03-23,670848.010029,2017,3,12,3,2017-03
2017-03-24,787914.125515,2017,3,12,4,2017-03
2017-03-25,1038139.316887,2017,3,12,5,2017-03
2017-03-26,1101557.476706,2017,3,12,6,2017-03
2017-03-27,784103.265042,2017,3,13,0,2017-03
2017-03-28,702943.9485770001,2017,3,13,1,2017-03
2017-03-29,824632.985033,2017,3,13,2,2017-03
2017-03-30,637624.340998,2017,3,13,3,2017-03
2017-03-31,878750.03788,2017,3,13,4,2017-03
2017-04-01,1463083.962459,2017,4,13,5,2017-04
2017-04-02,1138650.058898,2017,4,13,6,2017-04
2017-04-03,835191.622029,2017,4,14,0,2017-04
2017-04-04,835602.6360017,2017,4,14,1,2017-04
2017-04-05,846631.307907,2017,4,14,2,2017-04
2017-04-06,683059.570103,2017,4,14,3,2017-04
2017-04-07,765502.211925,2017,4,14,4,2017-04
2017-04-08,988591.469958,2017,4,14,5,2017-04
2017-04-09,1101713.657101,2017,4,14,6,2017-04
2017-04-10,739392.130988,2017,4,15,0,2017-04
2017-04-11,741331.430196,2017,4,15,1,2017-04
2017-04-12,791762.312883,2017,4,15,2,2017-04
2017-04-13,737029.565183,2017,4,15,3,2017-04
2017-04-14,740889.486829,2017,4,15,4,2017-04
2017-04-15,898610.217928,2017,4,15,5,2017-04
2017-04-16,985493.795113,2017,4,15,6,2017-04
2017-04-17,775916.9059055,2017,4,16,0,2017-04
2017-04-18,717196.315762,2017,4,16,1,2017-04
2017-04-19,735733.2142477001,2017,4,16,2,2017-04
2017-04-20,675804.0219027,2017,4,16,3,2017-04
2017-04-21,795795.893872,2017,4,16,4,2017-04
2017-04-22,974952.817869,2017,4,16,5,2017-04
2017-04-23,1140070.2748035,2017,4,16,6,2017-04
2017-04-24,755072.530945,2017,4,17,0,2017-04
2017-04-25,718996.080637,2017,4,17,1,2017-04
2017-04-26,781159.2829995,2017,4,17,2,2017-04
2017-04-27,624910.0260955,2017,4,17,3,2017-04
2017-04-28,797636.6251025,2017,4,17,4,2017-04
2017-04-29,1068279.815941,2017,4,17,5,2017-04
2017-04-30,1041249.2479705,2017,4,17,6,2017-04
2017-05-01,1306699.366897,2017,5,18,0,2017-05
2017-05-02,907324.094113,2017,5,18,1,2017-05
2017-05-03,924247.257204,2017,5,18,2,2017-05
2017-05-04,716654.608983,2017,5,18,3,2017-05
2017-05-05,780798.407016,2017,5,18,4,2017-05
2017-05-06,1039417.861868,2017,5,18,5,2017-05
2017-05-07,1227380.607924,2017,5,18,6,2017-05
2017-05-08,776307.495015,2017,5,19,0,2017-05
2017-05-09,715811.198881,2017,5,19,1,2017-05
2017-05-10,766101.907094,2017,5,19,2,2017-05
2017-05-11,648650.413039,2017,5,19,3,2017-05
2017-05-12,764812.415784,2017,5,19,4,2017-05
2017-05-13,1116976.891153,2017,5,19,5,2017-05
2017-05-14,884199.9138385,2017,5,19,6,2017-05
2017-05-15,823035.572122,2017,5,20,0,2017-05
2017-05-16,807803.8950783,2017,5,20,1,2017-05
2017-05-17,841407.607944,2017,5,20,2,2017-05
2017-05-18,628487.989962,2017,5,20,3,2017-05
2017-05-19,773775.4378677,2017,5,20,4,2017-05
2017-05-20,1035667.381833,2017,5,20,5,2017-05
2017-05-21,1201938.886229,2017,5,20,6,2017-05
2017-05-22,778935.156126,2017,5,21,0,2017-05
2017-05-23,723151.767982,2017,5,21,1,2017-05
2017-05-24,746303.6271255,2017,5,21,2,2017-05
2017-05-25,620108.24391,2017,5,21,3,2017-05
2017-05-26,984511.1521135,2017,5,21,4,2017-05
2017-05-27,932219.893144,2017,5,21,5,2017-05
2017-05-28,1061771.636907,2017,5,21,6,2017-05
2017-05-29,776813.137038,2017,5,22,0,2017-05
2017-05-30,742471.2769905,2017,5,22,1,2017-05
2017-05-31,858062.149411,2017,5,22,2,2017-05
2017-06-01,766859.172845,2017,6,22,3,2017-06
2017-06-02,918421.319125,2017,6,22,4,2017-06
2017-06-03,1176138.109152,2017,6,22,5,2017-06
2017-06-04,1376511.520495,2017,6,22,6,2017-06
2017-06-05,912693.8511,2017,6,23,0,2017-06
2017-06-06,805546.647956,2017,6,23,1,2017-06
2017-06-07,842979.8370823,2017,6,23,2,2017-06
2017-06-08,667099.801025,2017,6,23,3,2017-06
2017-06-09,795116.1360699,2017,6,23,4,2017-06
2017-06-10,993732.684049,2017,6,23,5,2017-06
2017-06-11,1213673.946877,2017,6,23,6,2017-06
2017-06-12,768349.7589517,2017,6,24,0,2017-06
2017-06-13,729412.959849,2017,6,24,1,2017-06
2017-06-14,785885.9088963,2017,6,24,2,2017-06
2017-06-15,660338.346974,2017,6,24,3,2017-06
2017-06-16,834786.4275550001,2017,6,24,4,2017-06
2017-06-17,1096133.5508865,2017,6,24,5,2017-06
2017-06-18,965144.121179,2017,6,24,6,2017-06
2017-06-19,791146.393731,2017,6,25,0,2017-06
2017-06-20,787326.7170395,2017,6,25,1,2017-06
2017-06-21,766159.0112892,2017,6,25,2,2017-06
2017-06-22,609868.8309586,2017,6,25,3,2017-06
2017-06-23,761049.7450639,2017,6,25,4,2017-06
2017-06-24,963268.227135,2017,6,25,5,2017-06
2017-06-25,1092610.858614,2017,6,25,6,2017-06
2017-06-26,755367.8450665,2017,6,26,0,2017-06
2017-06-27,682218.468913,2017,6,26,1,2017-06
2017-06-28,731896.9850105,2017,6,26,2,2017-06
2017-06-29,630811.802872,2017,6,26,3,2017-06
2017-06-30,802273.1392327,2017,6,26,4,2017-06
2017-07-01,1207529.921868,2017,7,26,5,2017-07
2017-07-02,1296379.2175535,2017,7,26,6,2017-07
2017-07-03,925143.408816,2017,7,27,0,2017-07
2017-07-04,832359.2860137,2017,7,27,1,2017-07
2017-07-05,844301.613116,2017,7,27,2,2017-07
2017-07-06,700272.0099567,2017,7,27,3,2017-07
2017-07-07,805792.302193,2017,7,27,4,2017-07
2017-07-08,998347.1930085,2017,7,27,5,2017-07
2017-07-09,1100833.322376,2017,7,27,6,2017-07
2017-07-10,804158.8610365,2017,7,28,0,2017-07
2017-07-11,730534.767701,2017,7,28,1,2017-07
2017-07-12,748799.9959087,2017,7,28,2,2017-07
2017-07-13,629651.3629294999,2017,7,28,3,2017-07
2017-07-14,765489.6173932999,2017,7,28,4,2017-07
2017-07-15,969077.125075,2017,7,28,5,2017-07
2017-07-16,1100803.699023,2017,7,28,6,2017-07
2017-07-17,818325.522149,2017,7,29,0,2017-07
2017-07-18,730133.70894,2017,7,29,1,2017-07
2017-07-19,767978.778078,2017,7,29,2,2017-07
2017-07-20,688288.067857,2017,7,29,3,2017-07
2017-07-21,782418.2992188,2017,7,29,4,2017-07
2017-07-22,932902.046681,2017,7,29,5,2017-07
2017-07-23,1024288.741245,2017,7,29,6,2017-07
2017-07-24,816564.327096,2017,7,30,0,2017-07
2017-07-25,713581.632609,2017,7,30,1,2017-07
2017-07-26,740653.044167,2017,7,30,2,2017-07
2017-07-27,659849.8270588,2017,7,30,3,2017-07
2017-07-28,835099.6822035,2017,7,30,4,2017-07
2017-07-29,1032310.865737,2017,7,30,5,2017-07
2017-07-30,1123752.4779517,2017,7,30,6,2017-07
2017-07-31,885856.8408705,2017,7,31,0,2017-07
